"Station Name: Cedar City - Zion NP, Kolob Canyon"
"Station ID: 1262327"
"Link To Variable Descriptions: https://climate.usu.edu/mchd/dashboard/overview/UCRN.php"

"META DATA"
Name,Description,Units,Frequency
airt,"average air temperature from PRTs in Met One shield",fahrenheit,dly
airt_max,"maximum 5 minute air temperature from prts in Met One shield",fahrenheit,dly
airt_min,"minimum 5 minute air temperature from prts in Met One shield",fahrenheit,dly
eto,"daily short reference ET from Etsz function",inches,dly
etr,"daily tall reference ET from Etsz function",inches,dly
precip,"daily precipitation",inches,dly
rh_max,"maximum relative humidity from rh sensor in Met One shield",percent,dly
rh_min,"mininum relative humidity from rh sensor in Met One shield",percent,dly
sealevel_pressure,"sea level corrected pressure",inHG,dly
site_pressure,pressure,millibar,dly
solar,"total incoming (short wave) radiation from pyronometer","watts per meter squared",dly
td,"average dew point temperature from rh sensor in Met One shield",fahrenheit,dly
td_max,"maximum 5 minute dew point temperature from rh sensor in Met One shield",fahrenheit,dly
td_min,"minimum 5 minute dew point temperature from rh sensor in Met One shield",fahrenheit,dly
timestamp,"date and time",,dly
wetness,"percent of the day that wetness sensor detected precipitation",percent,dly
windd,"average wind direction",degrees,dly
winds,"average wind speed","miles per hour",dly
winds_max,"maximum wind gust","miles per hour",dly

date_time,station_id,td,td_min,td_max,airt,airt_min,airt_max,rh_max,rh_min,winds,winds_max,windd,precip,wetness,solar,eto,etr,site_pressure,sealevel_pressure
"2022-09-01 23:59:59",1262327,35.9,30.9,41.3,80.5,62.0,98.7,40,10,2.013,11.632,157,0.000,0,23.85,0.211,0.259,25.1,30.2
"2022-09-02 23:59:59",1262327,34.4,27.3,42.6,82.4,65.3,98.9,35,10,4.026,15.435,137,0.000,0,21.40,0.231,0.306,25.1,30.2
"2022-09-03 23:59:59",1262327,36.0,29.7,41.6,81.2,63.1,99.3,38,10,2.684,14.987,148,0.000,0,24.59,0.231,0.293,25.2,30.3
"2022-09-04 23:59:59",1262327,47.2,40.9,65.8,80.5,66.0,97.5,63,18,2.684,13.869,145,0.012,1,22.67,0.210,0.264,25.2,30.3
"2022-09-05 23:59:59",1262327,38.6,32.5,46.0,81.3,63.1,100.1,43,12,2.908,15.211,153,0.000,0,23.45,0.226,0.288,25.1,30.2
"2022-09-06 23:59:59",1262327,35.1,31.1,40.0,82.1,67.1,99.9,31,9,3.132,17.001,133,0.000,0,19.16,0.213,0.285,25.2,30.3
"2022-09-07 23:59:59",1262327,39.3,32.6,45.8,80.8,66.0,97.4,36,15,2.684,14.316,149,0.000,0,21.19,0.214,0.276,25.2,30.3
"2022-09-08 23:59:59",1262327,43.8,35.6,56.8,76.2,63.4,96.7,73,12,2.237,17.448,124,0.126,4,18.36,0.181,0.227,25.1,30.2
"2022-09-09 23:59:59",1262327,44.9,37.7,52.5,76.0,61.2,90.3,60,16,4.250,14.540,135,0.000,0,21.45,0.220,0.290,24.9,30.1
"2022-09-10 23:59:59",1262327,37.9,18.7,59.5,70.2,62.2,81.4,70,13,3.803,18.567,131,0.000,0,15.31,0.155,0.206,25.1,30.2
"2022-09-11 23:59:59",1262327,45.2,30.4,51.8,70.2,56.0,87.0,76,13,2.013,11.408,164,0.000,0,16.43,0.140,0.172,25.2,30.3
"2022-09-12 23:59:59",1262327,46.6,41.6,52.6,69.7,57.7,80.9,67,27,3.579,16.777,171,0.004,5,17.80,0.159,0.205,25.1,30.2
"2022-09-13 23:59:59",1262327,53.7,48.8,56.6,59.3,55.5,64.0,95,64,1.790,11.185,161,0.713,26,5.74,0.032,0.035,25.0,30.2
"2022-09-14 23:59:59",1262327,54.2,51.3,58.8,59.3,53.9,68.3,96,59,2.461,13.198,164,1.415,24,10.52,0.069,0.079,25.0,30.2
"2022-09-15 23:59:59",1262327,51.9,49.4,56.1,63.4,51.7,76.1,97,39,2.461,13.869,160,0.000,0,20.43,0.149,0.177,25.1,30.2
"2022-09-16 23:59:59",1262327,47.6,37.9,53.3,64.5,55.1,77.2,88,24,3.132,13.869,148,0.000,0,20.34,0.157,0.192,25.0,30.2
"2022-09-17 23:59:59",1262327,42.9,35.1,48.0,64.5,49.5,77.0,87,26,3.355,18.567,162,0.000,0,20.65,0.169,0.216,24.9,30.1
"2022-09-18 23:59:59",1262327,39.2,31.0,45.1,70.1,60.0,81.4,58,17,4.921,21.698,184,0.000,0,22.39,0.207,0.273,24.9,30.1
"2022-09-19 23:59:59",1262327,32.9,27.6,37.5,70.8,58.0,83.8,46,16,4.474,17.448,177,0.000,0,22.19,0.213,0.284,25.0,30.1
"2022-09-20 23:59:59",1262327,38.9,35.0,46.4,69.7,56.4,82.1,58,19,3.803,16.777,148,0.000,1,20.70,0.187,0.244,25.1,30.2
"2022-09-21 23:59:59",1262327,51.3,43.0,59.8,69.8,61.4,77.3,80,38,4.250,15.882,181,0.033,3,11.54,0.113,0.148,25.0,30.2
"2022-09-22 23:59:59",1262327,46.2,34.5,55.2,67.7,55.4,77.6,78,25,4.026,15.882,167,0.000,0,21.24,0.171,0.216,25.1,30.2
"2022-09-23 23:59:59",1262327,31.6,23.2,37.3,63.2,50.4,79.2,52,16,2.908,14.316,154,0.000,0,21.56,0.170,0.212,25.2,30.3
"2022-09-24 23:59:59",1262327,28.3,24.4,35.2,65.1,50.5,81.2,45,12,3.803,14.540,108,0.000,0,21.65,0.194,0.252,25.2,30.3
"2022-09-25 23:59:59",1262327,29.7,27.0,34.4,66.7,52.0,82.1,45,15,4.474,16.106,105,0.000,0,21.32,0.199,0.262,25.2,30.3
"2022-09-26 23:59:59",1262327,32.0,26.3,39.4,68.5,54.3,85.4,40,16,3.579,14.093,147,0.000,0,20.86,0.185,0.239,25.2,30.3
"2022-09-27 23:59:59",1262327,41.9,33.4,49.2,67.6,55.0,83.2,61,24,1.566,8.948,154,0.008,3,12.13,0.093,0.112,25.2,30.3
"2022-09-28 23:59:59",1262327,44.0,42.1,47.6,67.9,58.2,79.5,60,26,2.461,15.659,144,0.000,0,15.98,0.127,0.158,25.2,30.3
"2022-09-29 23:59:59",1262327,45.2,43.1,48.3,69.1,56.6,82.4,64,25,2.908,18.567,150,0.000,0,19.78,0.164,0.206,25.2,30.3
"2022-10-01 23:59:59",1262327,37.5,30.7,43.8,64.5,51.7,79.7,51,23,4.921,16.330,134,0.000,0,20.08,0.180,0.231,25.0,30.1
"2022-10-02 23:59:59",1262327,48.1,39.1,59.2,63.0,53.0,75.4,83,42,2.237,13.198,144,0.102,14,12.38,0.094,0.114,25.1,30.2
"2022-10-03 23:59:59",1262327,48.1,43.9,54.7,60.7,52.4,73.4,93,36,2.684,12.974,142,0.124,9,15.81,0.114,0.136,25.2,30.3
"2022-10-04 23:59:59",1262327,39.0,29.8,45.5,62.1,50.2,75.0,85,22,4.698,14.764,107,0.000,0,19.22,0.163,0.212,25.1,30.3
"2022-10-05 23:59:59",1262327,33.6,29.4,38.1,62.2,48.5,76.7,60,17,3.803,14.316,121,0.000,0,19.34,0.162,0.210,25.2,30.3
"2022-10-06 23:59:59",1262327,35.3,32.7,38.2,60.9,45.8,77.2,66,20,1.566,10.737,150,0.000,0,18.69,0.129,0.152,25.2,30.3
"2022-10-07 23:59:59",1262327,38.3,36.4,40.8,61.6,46.8,77.1,71,23,1.566,11.185,150,0.000,1,17.53,0.123,0.146,25.2,30.4
"2022-10-08 23:59:59",1262327,34.2,23.6,41.3,61.9,47.7,78.2,69,14,1.790,10.514,147,0.000,0,17.27,0.127,0.154,25.2,30.3
"2022-10-09 23:59:59",1262327,36.0,30.5,40.6,61.1,47.0,76.1,63,25,2.237,12.527,141,0.000,0,15.33,0.115,0.144,25.2,30.3
"2022-10-10 23:59:59",1262327,34.4,29.4,39.6,59.9,47.6,76.5,63,23,2.013,11.632,129,0.000,0,14.29,0.116,0.145,25.1,30.2
"2022-10-11 23:59:59",1262327,32.7,29.7,37.1,60.3,45.4,76.6,58,21,2.684,13.198,150,0.000,0,17.63,0.141,0.180,25.1,30.2
"2022-10-12 23:59:59",1262327,26.2,23.4,30.5,61.9,49.2,77.7,49,14,4.698,18.343,109,0.000,0,17.83,0.168,0.230,25.2,30.3
"2022-10-13 23:59:59",1262327,26.6,23.7,30.1,60.0,45.3,76.6,47,17,5.145,17.672,109,0.000,0,17.81,0.168,0.229,25.2,30.3
"2022-10-14 23:59:59",1262327,24.8,14.8,30.5,60.6,47.9,77.8,44,12,3.803,12.974,121,0.000,0,17.61,0.151,0.198,25.1,30.2
"2022-10-15 23:59:59",1262327,20.2,15.0,26.4,61.5,44.5,78.5,42,11,3.803,12.751,125,0.000,0,16.81,0.155,0.206,25.0,30.1
"2022-10-16 23:59:59",1262327,25.2,17.2,29.3,60.0,48.2,70.9,47,18,4.250,16.777,99,0.000,0,14.26,0.130,0.178,25.1,30.2
"2022-10-17 23:59:59",1262327,26.3,18.2,31.0,57.0,43.4,72.6,59,16,2.908,13.645,121,0.000,0,15.38,0.118,0.155,25.2,30.3
"2022-10-18 23:59:59",1262327,23.6,19.2,28.9,57.9,42.2,75.6,46,14,2.684,13.198,133,0.000,0,16.86,0.129,0.167,25.2,30.3
"2022-10-19 23:59:59",1262327,23.6,20.0,26.6,57.3,43.3,75.6,51,14,1.790,10.737,150,0.000,0,16.82,0.117,0.144,25.3,30.4
"2022-10-20 23:59:59",1262327,22.7,19.7,28.2,56.1,40.8,73.7,45,15,2.013,11.856,141,0.000,0,15.11,0.110,0.139,25.1,30.3
"2022-10-21 23:59:59",1262327,25.7,21.3,31.9,55.7,42.4,71.5,48,18,2.908,15.435,143,0.000,0,16.30,0.125,0.163,25.0,30.1
"2022-10-22 23:59:59",1262327,34.4,24.9,47.2,56.1,34.3,69.3,93,22,6.040,24.383,165,0.720,33,11.19,0.119,0.172,24.7,29.8
"2022-10-23 23:59:59",1262327,30.4,26.0,34.8,34.8,30.8,37.9,95,66,4.921,16.330,128,0.110,21,8.83,0.032,0.038,24.8,30.0
"2022-10-24 23:59:59",1262327,25.1,20.7,28.2,35.6,28.5,44.9,86,47,5.369,16.330,131,0.000,0,16.03,0.074,0.093,25.1,30.3
"2022-10-25 23:59:59",1262327,28.1,22.9,33.5,41.8,28.9,57.3,86,32,2.461,14.316,129,0.000,0,15.33,0.085,0.104,25.1,30.2
"2022-10-26 23:59:59",1262327,28.3,21.6,32.9,45.5,33.0,58.0,91,27,4.250,17.448,136,0.000,0,15.34,0.097,0.123,25.0,30.1
"2022-10-27 23:59:59",1262327,20.9,15.2,25.2,39.1,32.7,48.0,65,35,7.382,19.685,125,0.000,0,15.25,0.094,0.128,25.1,30.3
"2022-10-28 23:59:59",1262327,19.8,16.3,24.1,41.2,25.6,60.2,83,17,2.461,13.869,144,0.000,0,15.55,0.093,0.117,25.2,30.4
"2022-10-29 23:59:59",1262327,22.6,19.0,26.6,46.4,35.0,61.1,63,21,4.474,15.211,120,0.000,0,14.11,0.107,0.144,25.2,30.3
"2022-10-30 23:59:59",1262327,22.8,19.8,25.4,47.2,35.3,59.9,67,25,5.816,21.475,121,0.000,0,14.92,0.115,0.157,25.1,30.3
"2022-11-01 23:59:59",1262327,21.9,20.0,24.7,56.0,50.4,63.2,40,21,6.263,20.804,185,0.000,0,14.66,0.140,0.190,24.9,30.0
"2022-11-02 23:59:59",1262327,31.4,22.9,37.9,46.3,33.6,53.0,91,32,6.487,21.922,165,0.228,32,6.04,0.071,0.101,24.9,30.0
"2022-11-03 23:59:59",1262327,28.1,21.7,31.0,32.0,28.1,34.3,93,77,6.040,16.777,115,0.232,34,6.07,0.027,0.032,24.9,30.0
"2022-11-04 23:59:59",1262327,20.5,9.4,26.3,32.4,23.9,42.9,86,25,3.579,14.093,94,0.000,0,14.20,0.061,0.073,25.1,30.2
"2022-11-05 23:59:59",1262327,26.2,21.4,30.1,38.9,28.6,51.5,88,38,2.013,11.185,160,0.000,0,12.41,0.059,0.071,25.0,30.1
"2022-11-06 23:59:59",1262327,28.6,25.6,30.8,46.7,32.7,57.5,80,33,3.803,16.106,149,0.000,0,13.74,0.088,0.112,24.9,30.0
"2022-11-07 23:59:59",1262327,31.3,29.4,34.1,53.8,49.3,60.1,50,32,8.500,25.725,183,0.000,0,12.70,0.122,0.169,24.9,30.0
"2022-11-08 23:59:59",1262327,39.9,33.7,44.1,48.5,45.4,52.5,93,45,6.935,22.146,179,1.724,76,4.42,0.044,0.060,24.8,29.9
"2022-11-09 23:59:59",1262327,31.3,25.4,43.7,34.4,28.5,45.6,94,70,4.250,23.488,164,0.935,61,3.48,0.018,0.021,24.9,30.0
"2022-11-10 23:59:59",1262327,23.2,16.5,27.6,32.5,25.6,41.6,92,46,4.250,16.330,105,0.000,0,13.22,0.059,0.072,25.1,30.2
"2022-11-11 23:59:59",1262327,16.6,11.0,22.0,30.8,23.2,39.6,80,42,5.816,17.448,97,0.000,0,13.23,0.060,0.079,25.1,30.3
"2022-11-12 23:59:59",1262327,19.2,14.3,20.9,35.5,22.6,48.9,90,27,2.908,16.106,151,0.000,0,13.63,0.069,0.088,25.0,30.1
"2022-11-13 23:59:59",1262327,23.3,19.7,27.8,30.1,26.2,33.4,88,56,5.145,17.896,105,0.073,19,5.18,0.021,0.026,24.9,30.1
"2022-11-14 23:59:59",1262327,20.1,17.1,23.2,30.6,23.8,38.0,79,53,7.606,19.685,112,0.000,0,13.31,0.060,0.078,25.1,30.3
"2022-11-15 23:59:59",1262327,17.3,14.1,20.6,30.0,23.2,38.4,76,39,8.500,21.027,107,0.000,0,12.47,0.059,0.079,25.3,30.4
"2022-11-16 23:59:59",1262327,16.8,13.2,19.4,31.3,23.1,40.7,73,39,6.935,20.132,119,0.000,0,12.65,0.062,0.083,25.4,30.5
"2022-11-17 23:59:59",1262327,16.4,12.3,20.0,35.0,26.5,49.3,73,24,3.803,14.987,90,0.000,0,12.72,0.068,0.088,25.2,30.3
"2022-11-18 23:59:59",1262327,19.0,10.2,22.1,32.1,26.5,39.7,72,44,7.606,21.922,121,0.000,0,11.79,0.058,0.077,25.1,30.2
"2022-11-19 23:59:59",1262327,13.1,9.3,16.0,28.9,21.4,38.2,65,39,8.053,20.132,96,0.000,0,12.35,0.060,0.081,25.3,30.4
"2022-11-20 23:59:59",1262327,14.8,12.3,19.3,34.4,23.0,47.4,73,24,6.711,15.659,112,0.000,0,12.41,0.075,0.101,25.2,30.4
"2022-11-21 23:59:59",1262327,14.3,11.0,17.9,34.7,21.1,52.0,70,22,2.237,9.843,139,0.000,0,11.82,0.061,0.076,25.2,30.3
"2022-11-22 23:59:59",1262327,16.1,14.3,19.8,34.4,24.2,52.4,70,23,1.790,11.185,122,0.000,0,11.80,0.056,0.069,25.2,30.3
"2022-11-23 23:59:59",1262327,15.6,11.2,19.2,37.0,26.5,51.6,64,22,6.263,27.067,113,0.000,0,11.14,0.080,0.111,25.1,30.2
"2022-11-24 23:59:59",1262327,19.1,17.6,21.1,35.2,26.4,44.9,73,37,6.935,25.501,118,0.000,0,11.56,0.068,0.092,25.3,30.5
"2022-11-25 23:59:59",1262327,17.4,14.6,19.4,36.1,25.1,51.8,71,24,4.921,14.987,105,0.000,0,11.77,0.069,0.092,25.3,30.4
"2022-11-26 23:59:59",1262327,18.4,15.8,22.4,36.1,25.4,48.6,74,29,3.355,20.804,114,0.000,0,6.64,0.044,0.055,25.1,30.2
"2022-11-27 23:59:59",1262327,20.2,17.2,23.6,35.5,27.8,47.6,80,33,4.026,14.987,125,0.000,0,11.56,0.063,0.080,25.1,30.2
"2022-11-28 23:59:59",1262327,18.5,16.1,20.2,38.9,26.5,47.8,73,32,4.250,16.330,169,0.000,0,11.22,0.067,0.091,24.8,29.9
"2022-11-29 23:59:59",1262327,10.0,-2.0,22.0,30.6,21.5,37.9,77,19,4.698,20.132,113,0.000,0,11.47,0.054,0.073,24.9,30.1
"2022-12-01 23:59:59",1262327,23.2,18.5,30.0,43.7,38.6,48.8,58,34,6.263,19.014,184,0.008,11,7.85,0.070,0.097,24.9,30.0
"2022-12-02 23:59:59",1262327,28.8,24.1,34.2,40.7,29.6,48.1,84,39,3.803,17.896,148,0.033,28,8.62,0.051,0.064,25.0,30.2
"2022-12-03 23:59:59",1262327,27.7,23.8,31.5,41.8,30.3,55.8,80,37,2.461,13.198,152,0.000,0,9.98,0.057,0.073,25.2,30.3
"2022-12-04 23:59:59",1262327,34.8,26.6,38.9,48.8,43.5,55.5,69,47,4.698,16.106,183,0.000,0,7.75,0.059,0.078,25.1,30.2
"2022-12-05 23:59:59",1262327,35.3,30.3,38.0,44.5,34.9,49.8,88,55,3.355,10.961,169,0.000,1,5.39,0.033,0.044,24.9,30.1
"2022-12-06 23:59:59",1262327,31.3,26.2,34.8,37.0,32.2,43.7,92,65,4.026,14.093,121,0.114,26,6.35,0.029,0.035,25.0,30.1
"2022-12-07 23:59:59",1262327,26.3,24.1,30.4,30.5,27.1,34.0,93,77,4.698,14.540,126,0.144,20,5.36,0.016,0.019,25.1,30.2
"2022-12-08 23:59:59",1262327,23.4,16.4,29.1,29.6,19.9,42.3,94,53,1.790,10.514,152,0.000,0,10.62,0.035,0.039,25.2,30.3
"2022-12-09 23:59:59",1262327,22.3,19.9,25.4,35.7,27.1,44.9,80,41,2.908,10.514,166,0.000,0,10.85,0.049,0.061,25.1,30.2
"2022-12-10 23:59:59",1262327,18.2,11.9,23.7,39.4,25.8,48.7,79,24,4.250,14.987,165,0.000,0,7.72,0.056,0.079,25.0,30.1
"2022-12-11 23:59:59",1262327,23.3,13.5,33.5,38.5,30.6,43.6,95,31,5.816,20.132,182,0.913,46,2.40,0.040,0.060,24.8,29.9
"2022-12-12 23:59:59",1262327,24.7,19.2,28.9,27.6,22.4,31.6,96,78,1.118,8.500,199,0.045,31,7.34,0.023,0.026,24.8,29.9
"2022-12-13 23:59:59",1262327,21.1,17.7,24.1,26.3,22.8,29.9,93,72,3.803,12.974,79,0.126,20,8.18,0.024,0.029,24.9,30.0
"2022-12-14 23:59:59",1262327,19.1,14.2,23.6,26.6,23.2,32.6,85,60,6.040,16.330,90,0.002,1,8.11,0.030,0.039,25.1,30.2
"2022-12-15 23:59:59",1262327,16.4,11.8,22.3,26.8,21.1,34.6,76,55,7.382,20.132,109,0.000,0,10.02,0.041,0.054,25.1,30.2
"2022-12-16 23:59:59",1262327,13.1,8.8,16.6,23.3,15.6,30.3,80,51,6.040,19.685,122,0.000,0,10.69,0.039,0.050,25.2,30.3
"2022-12-17 23:59:59",1262327,11.7,5.6,16.4,21.3,10.3,35.6,87,39,2.013,10.290,161,0.000,0,10.77,0.034,0.038,25.1,30.2
"2022-12-18 23:59:59",1262327,12.5,6.9,16.8,24.0,11.9,40.1,90,31,2.013,12.974,142,0.000,0,10.57,0.039,0.049,25.0,30.1
"2022-12-19 23:59:59",1262327,15.0,10.6,19.1,27.8,17.3,42.2,79,33,1.342,6.487,146,0.000,0,10.65,0.037,0.043,25.2,30.3
"2022-12-20 23:59:59",1262327,17.5,13.0,20.4,33.2,26.0,45.3,73,28,1.790,10.961,135,0.000,0,7.87,0.034,0.044,25.2,30.3
"2022-12-21 23:59:59",1262327,20.9,16.7,23.6,35.9,22.5,44.9,85,40,2.461,10.737,128,0.000,0,10.53,0.048,0.058,25.1,30.2
"2022-12-22 23:59:59",1262327,21.9,17.6,25.3,38.0,31.4,43.8,71,32,6.487,17.896,92,0.000,0,7.39,0.050,0.069,25.1,30.2
"2022-12-23 23:59:59",1262327,23.9,21.4,26.6,35.6,30.4,43.3,75,44,6.263,16.777,113,0.000,0,9.23,0.050,0.066,25.2,30.3
"2022-12-24 23:59:59",1262327,27.0,22.9,30.9,40.1,30.7,49.2,81,44,5.816,16.106,92,0.000,0,10.32,0.060,0.079,25.3,30.4
"2022-12-25 23:59:59",1262327,28.5,24.7,32.3,43.0,36.8,52.0,75,34,6.040,18.119,117,0.000,0,10.03,0.066,0.090,25.3,30.4
"2022-12-26 23:59:59",1262327,30.1,26.8,35.5,44.1,35.5,54.1,77,40,2.908,15.435,133,0.000,0,7.53,0.038,0.046,25.2,30.3
"2022-12-27 23:59:59",1262327,30.4,25.9,37.4,47.4,38.5,53.5,92,35,4.474,17.224,176,0.102,35,4.57,0.054,0.080,24.9,30.0
"2022-12-28 23:59:59",1262327,30.8,21.8,37.3,36.7,27.2,44.1,96,46,3.355,18.567,144,0.096,23,7.53,0.036,0.044,24.8,29.9
"2022-12-29 23:59:59",1262327,24.4,18.3,30.6,29.4,22.4,35.7,95,58,1.118,12.527,160,0.028,14,3.86,0.017,0.021,24.9,30.1
"2022-12-30 23:59:59",1262327,33.4,28.9,39.1,37.1,31.0,42.6,95,75,2.908,13.422,179,0.026,33,3.20,0.018,0.022,25.0,30.1
"2022-12-31 23:59:59",1262327,39.7,38.2,41.2,43.7,42.4,45.2,90,76,5.145,19.238,169,0.209,84,1.58,0.017,0.023,24.9,30.0
"2023-01-01 23:59:59",1262327,34.8,27.6,39.5,37.6,30.2,43.3,94,83,4.921,18.790,141,2.496,90,1.95,0.015,0.018,24.7,29.8
"2023-01-02 23:59:59",1262327,26.0,23.9,28.7,30.1,27.2,32.5,92,75,3.355,13.422,120,0.104,15,5.27,0.019,0.022,24.8,29.9
"2023-01-03 23:59:59",1262327,28.1,24.5,32.5,30.7,28.1,33.8,96,75,2.461,10.290,175,0.057,34,5.33,0.014,0.015,25.0,30.1
"2023-01-04 23:59:59",1262327,30.5,24.8,34.6,34.3,27.4,40.3,94,74,2.461,12.751,166,0.010,9,6.22,0.026,0.030,25.1,30.3
"2023-01-05 23:59:59",1262327,34.5,31.7,36.2,38.8,35.0,44.9,96,63,4.474,16.553,182,1.250,60,3.71,0.027,0.037,25.0,30.1
"2023-01-06 23:59:59",1262327,33.2,27.9,37.6,35.4,29.8,42.5,97,76,1.342,9.619,155,0.104,23,8.19,0.028,0.030,25.1,30.3
"2023-01-07 23:59:59",1262327,27.4,23.7,32.2,35.9,26.0,46.4,96,47,2.237,12.079,162,0.000,0,9.19,0.037,0.044,25.2,30.3
"2023-01-08 23:59:59",1262327,24.9,20.8,28.1,41.2,32.5,48.6,76,36,3.355,12.527,169,0.000,0,7.60,0.047,0.064,25.1,30.3
"2023-01-09 23:59:59",1262327,29.3,21.2,36.4,39.8,32.9,44.0,90,41,4.026,16.106,171,0.815,51,2.27,0.027,0.039,25.1,30.2
"2023-01-10 23:59:59",1262327,35.4,30.6,39.9,40.3,34.3,45.0,94,65,5.369,17.896,173,1.213,69,2.64,0.025,0.033,24.9,30.0
"2023-01-11 23:59:59",1262327,29.4,22.8,32.9,33.2,25.7,42.1,96,57,1.118,7.829,149,0.016,1,10.56,0.037,0.040,25.1,30.2
"2023-01-12 23:59:59",1262327,26.6,22.1,31.3,35.0,26.0,50.1,95,34,1.342,8.053,149,0.000,0,10.44,0.040,0.045,25.3,30.4
"2023-01-13 23:59:59",1262327,23.0,16.1,28.3,42.4,31.1,50.9,88,31,2.908,12.751,168,0.000,0,9.09,0.053,0.070,25.2,30.3
"2023-01-14 23:59:59",1262327,28.1,24.1,34.4,39.8,32.1,45.3,96,47,3.803,16.106,171,0.726,39,3.23,0.027,0.040,24.9,30.0
"2023-01-15 23:59:59",1262327,31.7,30.2,34.5,33.6,32.2,36.4,97,86,2.908,12.079,170,0.772,90,4.16,0.013,0.014,24.7,29.8
"2023-01-16 23:59:59",1262327,31.2,26.5,35.0,34.5,31.5,38.0,96,66,5.369,17.672,181,0.736,70,3.54,0.016,0.019,24.7,29.8
"2023-01-17 23:59:59",1262327,27.4,23.4,30.9,31.0,26.9,34.8,94,78,2.908,14.764,144,0.079,27,5.82,0.021,0.025,24.7,29.8
"2023-01-18 23:59:59",1262327,20.7,15.8,24.5,28.6,19.8,35.2,89,55,4.698,15.435,137,0.014,7,11.79,0.044,0.054,25.0,30.1
"2023-01-19 23:59:59",1262327,22.4,14.7,27.6,27.2,18.1,35.5,95,59,2.908,15.659,147,0.156,42,8.01,0.026,0.031,25.0,30.1
"2023-01-20 23:59:59",1262327,21.2,16.7,25.6,26.4,22.6,29.6,91,71,8.053,22.146,143,0.122,33,6.83,0.026,0.034,25.1,30.2
"2023-01-21 23:59:59",1262327,14.6,9.6,19.2,23.8,17.3,31.0,82,49,7.382,21.698,86,0.000,0,12.85,0.045,0.057,25.2,30.3
"2023-01-22 23:59:59",1262327,14.0,8.4,18.2,19.5,13.2,26.5,88,61,6.263,23.488,149,0.089,35,8.45,0.022,0.028,25.0,30.1
"2023-01-23 23:59:59",1262327,12.9,8.4,17.1,20.9,16.5,27.4,83,61,10.514,23.935,123,0.004,6,9.48,0.033,0.045,25.0,30.1
"2023-01-24 23:59:59",1262327,15.3,10.2,19.9,25.2,18.0,33.8,80,54,8.277,21.251,122,0.000,0,12.80,0.049,0.063,25.2,30.3
"2023-01-25 23:59:59",1262327,17.9,10.5,22.5,28.9,21.8,35.4,74,56,7.158,17.672,127,0.006,1,11.84,0.051,0.067,25.3,30.4
"2023-01-26 23:59:59",1262327,19.2,16.3,21.7,29.6,24.4,36.9,83,48,6.487,17.448,99,0.010,2,12.97,0.053,0.068,25.3,30.5
"2023-01-27 23:59:59",1262327,19.0,14.0,23.1,29.0,18.4,41.3,87,45,2.461,10.961,153,0.000,0,12.45,0.048,0.058,25.1,30.2
"2023-01-28 23:59:59",1262327,21.8,17.3,25.7,31.2,21.4,43.0,90,47,2.237,10.514,148,0.000,0,13.21,0.053,0.063,24.9,30.0
"2023-01-29 23:59:59",1262327,21.2,19.2,26.3,33.8,25.8,44.0,82,39,2.908,14.987,159,0.006,1,11.02,0.050,0.063,24.8,29.9
"2023-01-30 23:59:59",1262327,11.8,-1.6,24.1,19.7,9.6,29.4,83,61,9.843,23.040,113,0.110,25,7.84,0.026,0.035,25.0,30.1
"2023-02-01 23:59:59",1262327,6.3,-0.3,13.2,22.8,11.2,34.5,66,36,7.158,16.777,96,0.000,0,13.90,0.060,0.080,25.2,30.3
"2023-02-02 23:59:59",1262327,16.9,9.0,25.0,30.6,20.4,46.4,84,36,3.355,12.974,143,0.000,0,13.92,0.064,0.077,25.3,30.4
"2023-02-03 23:59:59",1262327,20.4,13.9,23.9,37.5,24.9,49.7,86,26,2.684,14.316,146,0.000,0,11.27,0.061,0.079,25.3,30.4
"2023-02-04 23:59:59",1262327,21.7,17.7,24.9,39.7,27.9,53.1,78,27,2.237,11.408,146,0.000,0,13.53,0.070,0.087,25.2,30.3
"2023-02-05 23:59:59",1262327,24.6,16.9,31.7,39.9,26.7,47.1,94,33,4.250,15.435,159,0.246,26,4.87,0.046,0.066,25.0,30.1
"2023-02-06 23:59:59",1262327,24.5,16.7,29.9,29.4,24.4,35.8,93,64,4.026,21.475,116,0.000,1,12.70,0.042,0.047,25.1,30.2
"2023-02-07 23:59:59",1262327,22.9,19.5,26.0,32.5,26.3,39.6,80,53,6.711,19.238,102,0.000,0,14.59,0.061,0.078,25.2,30.4
"2023-02-08 23:59:59",1262327,22.0,12.0,27.8,38.1,27.4,51.7,75,28,4.474,20.804,116,0.000,0,14.90,0.081,0.098,25.2,30.3
"2023-02-09 23:59:59",1262327,14.6,10.5,23.8,31.1,24.9,38.2,72,37,7.606,20.132,116,0.000,0,15.22,0.074,0.096,25.3,30.4
"2023-02-10 23:59:59",1262327,13.1,6.0,16.6,35.7,18.9,51.0,81,20,3.132,12.303,155,0.000,0,15.49,0.083,0.105,25.3,30.4
"2023-02-11 23:59:59",1262327,12.5,5.4,19.1,41.1,29.5,49.0,66,20,2.908,12.079,157,0.000,0,10.36,0.068,0.091,25.0,30.1
"2023-02-12 23:59:59",1262327,21.3,15.5,26.8,35.9,27.4,45.4,74,36,6.263,20.356,125,0.000,0,14.13,0.077,0.102,25.0,30.1
"2023-02-13 23:59:59",1262327,23.2,19.3,28.4,40.1,32.3,51.5,70,35,6.040,17.001,144,0.000,0,15.51,0.090,0.114,24.8,29.9
"2023-02-14 23:59:59",1262327,22.7,17.0,30.1,28.9,20.7,38.2,93,58,4.921,18.790,151,0.640,65,2.19,0.012,0.016,24.6,29.8
"2023-02-15 23:59:59",1262327,12.2,4.4,16.9,21.2,16.9,25.8,86,53,9.395,25.949,147,0.012,12,14.11,0.044,0.056,24.9,30.0
"2023-02-16 23:59:59",1262327,5.6,-1.6,9.9,19.4,11.3,30.6,85,38,5.369,15.211,102,0.000,0,16.67,0.056,0.071,25.2,30.3
"2023-02-17 23:59:59",1262327,12.6,3.4,21.2,23.5,7.8,41.5,87,28,1.342,8.948,157,0.000,0,14.19,0.053,0.060,25.2,30.3
"2023-02-18 23:59:59",1262327,16.4,12.2,20.3,32.6,19.1,46.5,81,29,2.684,12.079,149,0.000,0,16.36,0.078,0.096,25.1,30.2
"2023-02-19 23:59:59",1262327,21.3,15.1,25.0,38.3,27.7,52.2,73,26,1.790,12.079,140,0.000,0,16.72,0.085,0.100,25.1,30.2
"2023-02-20 23:59:59",1262327,24.1,20.7,27.6,39.0,28.6,53.9,79,31,2.237,11.632,140,0.000,0,15.64,0.081,0.098,25.1,30.2
"2023-02-21 23:59:59",1262327,25.0,22.3,33.0,41.1,29.0,50.8,82,34,4.474,23.712,150,0.035,11,12.24,0.081,0.103,24.7,29.8
"2023-02-22 23:59:59",1262327,18.8,9.4,31.4,28.8,23.9,43.5,92,42,5.369,27.738,174,0.376,44,10.89,0.045,0.055,24.5,29.6
"2023-02-23 23:59:59",1262327,20.4,14.3,24.7,25.4,23.0,28.0,93,67,4.921,18.119,178,0.744,82,5.55,0.020,0.025,24.8,29.9
"2023-02-24 23:59:59",1262327,23.1,19.3,26.3,31.3,26.1,38.3,92,57,4.698,17.448,180,0.108,14,13.56,0.051,0.062,25.0,30.1
"2023-02-25 23:59:59",1262327,24.7,21.4,27.9,43.1,35.2,50.1,76,31,4.026,19.238,174,0.000,0,11.23,0.073,0.096,24.9,30.0
"2023-02-26 23:59:59",1262327,25.5,22.1,32.2,30.5,27.5,36.3,94,69,4.921,15.882,179,0.343,40,11.58,0.037,0.044,24.9,30.0
"2023-02-27 23:59:59",1262327,25.6,22.6,30.8,33.2,30.4,37.3,93,59,4.921,17.224,180,0.262,37,8.14,0.037,0.046,24.9,30.0
"2023-03-01 23:59:59",1262327,28.8,27.0,30.5,31.6,30.8,32.4,95,84,5.369,17.896,158,0.888,72,7.15,0.026,0.030,24.6,29.8
"2023-03-02 23:59:59",1262327,20.7,14.5,27.4,29.1,19.9,34.8,85,51,8.053,20.580,140,0.004,3,18.01,0.065,0.079,24.9,30.0
"2023-03-03 23:59:59",1262327,20.1,11.0,27.7,27.9,15.9,41.2,90,53,2.237,10.737,144,0.000,0,19.29,0.073,0.082,24.9,30.0
"2023-03-04 23:59:59",1262327,24.4,19.2,28.4,35.6,23.3,41.6,89,53,4.474,23.488,168,0.000,0,10.56,0.054,0.068,24.8,29.9
"2023-03-05 23:59:59",1262327,23.6,20.6,26.8,39.4,36.3,43.4,65,43,6.040,17.448,175,0.000,0,15.21,0.084,0.108,24.8,30.0
"2023-03-06 23:59:59",1262327,23.8,20.2,26.7,37.5,29.0,41.8,82,48,4.026,14.093,170,0.000,0,11.23,0.061,0.078,25.0,30.1
"2023-03-07 23:59:59",1262327,23.8,21.3,27.1,36.8,28.1,47.3,86,36,3.355,11.408,158,0.000,0,17.08,0.083,0.100,25.0,30.1
"2023-03-08 23:59:59",1262327,21.8,14.9,25.1,38.1,29.5,45.4,70,32,3.579,16.553,171,0.000,0,11.34,0.064,0.084,25.0,30.1
"2023-03-09 23:59:59",1262327,17.4,13.3,20.8,40.4,24.1,53.6,78,23,3.355,19.461,161,0.000,0,19.18,0.113,0.140,25.1,30.2
"2023-03-10 23:59:59",1262327,31.9,16.1,41.6,44.9,41.4,47.0,91,27,4.250,16.330,160,0.268,64,3.41,0.035,0.048,24.9,30.0
"2023-03-11 23:59:59",1262327,38.3,34.8,42.3,41.0,37.8,45.2,96,74,2.908,12.079,128,0.866,79,2.96,0.017,0.021,24.9,30.1
"2023-03-12 23:59:59",1262327,35.8,30.8,42.3,41.7,33.1,55.1,97,53,2.237,14.093,145,0.081,13,19.13,0.102,0.116,25.0,30.1
"2023-03-13 23:59:59",1262327,34.6,31.0,40.8,42.2,34.4,52.9,93,45,2.237,9.619,148,0.073,17,13.29,0.072,0.083,25.0,30.2
"2023-03-14 23:59:59",1262327,31.9,30.3,33.9,39.3,33.1,49.9,93,52,1.118,13.869,66,0.781,48,8.20,0.023,0.029,25.0,30.1
"2023-03-15 23:59:59",1262327,,,,,,,,,0.000,0.000,-0,0.967,85,4.20,0.000,0.000,24.9,30.0
"2023-03-16 23:59:59",1262327,,,,,,,,,0.000,0.000,-0,0.000,0,16.51,0.000,0.000,25.0,30.1
"2023-03-17 23:59:59",1262327,,,,,,,,,0.000,0.000,-0,0.000,0,21.54,0.000,0.000,25.1,30.2
"2023-03-18 23:59:59",1262327,,,,,,,,,0.000,0.000,-0,0.000,0,21.88,0.000,0.000,25.2,30.3
"2023-03-19 23:59:59",1262327,,,,,,,,,0.000,0.000,0,0.343,46,6.94,0.000,0.000,25.0,30.1
"2023-03-20 23:59:59",1262327,,,,,,,,,0.000,0.000,-0,0.360,59,5.94,0.000,0.000,24.8,29.9
"2023-03-21 23:59:59",1262327,,,,,,,,,0.000,0.000,-0,0.628,68,7.53,0.000,0.000,24.8,29.9
"2023-03-22 23:59:59",1262327,,,,,,,,,0.000,0.000,0,0.313,47,11.66,0.000,0.000,24.9,30.0
"2023-03-23 23:59:59",1262327,,,,,,,,,0.000,0.000,-0,0.051,33,18.55,0.000,0.000,25.0,30.1
"2023-03-24 23:59:59",1262327,,,,,,,,,0.000,0.000,0,0.104,18,15.17,0.000,0.000,25.0,30.1
"2023-03-25 23:59:59",1262327,,,,,,,,,0.000,0.000,-0,0.000,0,19.87,0.000,0.000,25.0,30.1
"2023-03-26 23:59:59",1262327,,,,,,,,,0.000,0.000,-0,0.030,7,19.13,0.000,0.000,25.0,30.1
"2023-03-27 23:59:59",1262327,,,,,,,,,0.000,0.000,-0,0.000,0,23.87,0.000,0.000,25.2,30.3
"2023-03-28 23:59:59",1262327,,,,,,,,,0.000,0.000,-0,0.000,0,24.71,0.000,0.000,25.1,30.2
"2023-03-29 23:59:59",1262327,,,,,,,,,0.000,0.000,0,0.455,21,11.71,0.000,0.000,24.8,29.9
"2023-03-30 23:59:59",1262327,,,,,,,,,0.000,0.000,-0,0.100,13,11.21,0.000,0.000,24.8,29.9
"2023-03-31 23:59:59",1262327,,,,,,,,,0.000,0.000,-0,0.000,0,23.61,0.000,0.000,25.1,30.2
"2023-04-01 23:59:59",1262327,,,,,,,,,0.000,0.000,-0,0.000,0,23.69,0.000,0.000,25.1,30.2
"2023-04-02 23:59:59",1262327,,,,,,,,,0.000,0.000,-0,0.000,0,23.57,0.000,0.000,24.9,30.0
"2023-04-03 23:59:59",1262327,,,,,,,,,0.000,0.000,-0,0.246,29,6.10,0.000,0.000,24.6,29.8
"2023-04-04 23:59:59",1262327,,,,,,,,,0.000,0.000,-0,0.219,16,22.98,0.000,0.000,24.8,30.0
"2023-04-05 23:59:59",1262327,,,,,,,,,0.000,0.000,-0,0.000,0,25.78,0.000,0.000,25.1,30.2
"2023-04-06 23:59:59",1262327,,,,,,,,,0.000,0.000,-0,0.000,0,25.64,0.000,0.000,25.1,30.3
"2023-04-07 23:59:59",1262327,,,,,,,,,0.000,0.000,-0,0.000,0,19.51,0.000,0.000,25.0,30.2
"2023-04-08 23:59:59",1262327,,,,,,,,,0.000,0.000,-0,0.000,0,24.41,0.000,0.000,25.1,30.2
"2023-04-09 23:59:59",1262327,,,,,,,,,0.000,0.000,-0,0.000,0,25.54,0.000,0.000,25.2,30.3
"2023-04-10 23:59:59",1262327,25.4,20.3,29.9,64.9,50.7,76.4,44,13,0.671,13.869,60,0.000,0,15.80,0.040,0.051,25.2,30.3
"2023-04-11 23:59:59",1262327,26.7,21.1,33.4,62.8,44.5,79.1,55,12,3.803,26.172,150,0.000,0,26.02,0.230,0.299,25.1,30.2
"2023-04-12 23:59:59",1262327,26.5,21.4,31.1,62.2,50.6,69.9,44,19,5.145,21.698,166,0.000,0,19.49,0.189,0.255,24.8,30.0
"2023-04-13 23:59:59",1262327,28.1,23.6,33.7,54.1,38.9,63.1,79,24,6.040,20.580,153,0.008,2,19.58,0.167,0.216,24.7,29.8
"2023-04-14 23:59:59",1262327,19.5,6.4,33.4,45.0,35.2,58.3,89,12,4.698,17.672,132,0.008,3,24.98,0.150,0.186,24.9,30.0
"2023-04-15 23:59:59",1262327,17.6,12.8,20.1,48.3,35.1,64.6,55,15,3.803,15.882,147,0.000,0,26.67,0.180,0.223,25.1,30.3
"2023-04-16 23:59:59",1262327,20.1,16.9,24.6,53.8,35.9,71.0,58,13,3.132,16.553,151,0.000,0,26.37,0.195,0.245,25.1,30.2
"2023-04-17 23:59:59",1262327,22.8,16.7,29.6,57.1,39.4,71.0,59,15,4.474,25.725,154,0.000,0,25.65,0.209,0.271,24.9,30.0
"2023-04-18 23:59:59",1262327,16.8,10.5,22.1,56.3,40.4,64.8,33,12,6.040,26.620,164,0.000,0,25.75,0.214,0.284,24.8,29.9
"2023-04-19 23:59:59",1262327,16.2,11.0,23.8,39.4,29.7,50.5,74,22,7.158,28.409,122,0.000,0,25.51,0.145,0.184,25.0,30.1
"2023-04-20 23:59:59",1262327,10.7,1.2,16.6,44.2,26.9,56.8,55,15,4.698,19.909,114,0.000,0,27.32,0.177,0.226,25.2,30.3
"2023-04-21 23:59:59",1262327,23.9,14.1,33.7,51.4,30.6,67.4,61,20,4.250,19.461,149,0.000,0,24.86,0.182,0.227,25.2,30.3
"2023-04-22 23:59:59",1262327,29.8,26.2,33.7,53.0,44.3,62.8,63,26,6.263,24.159,109,0.000,0,27.46,0.197,0.252,25.1,30.2
"2023-04-23 23:59:59",1262327,32.0,25.2,41.8,52.8,39.8,66.7,80,25,5.145,29.975,144,0.016,8,21.12,0.163,0.207,24.9,30.1
"2023-04-24 23:59:59",1262327,33.9,22.3,40.6,57.0,39.9,70.6,87,21,3.355,19.461,147,0.002,1,26.14,0.193,0.234,24.9,30.0
"2023-04-25 23:59:59",1262327,26.2,19.4,32.5,50.5,41.2,57.6,67,26,8.948,29.304,135,0.000,0,27.58,0.195,0.255,25.0,30.1
"2023-04-26 23:59:59",1262327,26.8,19.2,32.8,53.9,38.9,68.5,63,18,5.816,20.356,125,0.000,0,27.71,0.207,0.264,25.1,30.2
"2023-04-27 23:59:59",1262327,25.8,19.8,29.9,58.9,43.7,74.0,53,12,5.145,20.804,115,0.000,0,27.35,0.228,0.297,25.1,30.2
"2023-04-28 23:59:59",1262327,26.6,21.0,31.2,60.4,47.4,73.8,45,16,5.816,25.949,108,0.000,0,27.87,0.233,0.299,25.1,30.3
"2023-04-29 23:59:59",1262327,24.5,17.4,30.3,62.0,40.7,80.3,57,11,2.684,16.330,149,0.000,0,28.20,0.225,0.279,25.1,30.3
"2023-05-01 23:59:59",1262327,25.2,20.3,30.8,66.5,51.0,78.6,40,14,5.816,30.422,165,0.000,0,27.28,0.265,0.354,24.8,29.9
"2023-05-02 23:59:59",1262327,26.5,20.9,31.0,62.2,54.4,72.1,40,16,6.040,23.935,178,0.000,0,27.23,0.236,0.313,24.9,30.0
"2023-05-03 23:59:59",1262327,35.5,20.3,48.7,55.4,43.6,66.0,86,22,2.908,17.224,155,0.069,13,12.61,0.105,0.135,24.9,30.0
"2023-05-04 23:59:59",1262327,31.4,23.1,38.9,48.8,39.9,57.7,88,30,4.250,21.922,164,0.022,9,14.92,0.114,0.149,24.8,30.0
"2023-05-05 23:59:59",1262327,29.3,24.1,33.7,47.5,35.8,58.1,72,28,3.355,19.014,145,0.014,4,17.67,0.114,0.144,24.9,30.1
"2023-05-06 23:59:59",1262327,27.1,24.1,30.7,50.2,32.7,63.1,81,24,4.026,22.593,154,0.000,0,26.56,0.180,0.228,25.0,30.1
"2023-05-07 23:59:59",1262327,27.7,23.7,32.8,54.1,39.6,67.2,65,22,3.355,20.132,150,0.000,0,28.19,0.197,0.244,25.0,30.1
"2023-05-08 23:59:59",1262327,25.4,14.8,31.6,57.1,39.1,72.2,64,14,4.026,22.369,159,0.000,0,28.73,0.220,0.279,25.0,30.1
"2023-05-09 23:59:59",1262327,23.7,18.7,27.5,57.2,40.0,72.4,52,16,3.132,19.238,153,0.000,0,27.34,0.205,0.257,24.9,30.1
"2023-05-10 23:59:59",1262327,26.7,20.9,35.1,54.8,43.2,66.9,63,17,3.132,20.580,140,0.002,1,22.57,0.167,0.208,24.9,30.0
"2023-05-11 23:59:59",1262327,32.2,28.4,36.9,55.8,40.9,69.1,74,21,4.698,20.132,116,0.000,0,25.12,0.196,0.249,25.0,30.1
"2023-05-12 23:59:59",1262327,28.9,25.1,31.2,59.5,41.8,72.8,67,19,6.040,22.817,127,0.000,0,29.01,0.249,0.327,25.1,30.2
"2023-05-13 23:59:59",1262327,35.7,27.1,45.0,59.7,50.9,71.9,84,26,5.369,21.475,130,0.026,11,21.50,0.187,0.239,25.1,30.2
"2023-05-14 23:59:59",1262327,43.5,36.1,47.9,59.5,46.6,73.6,93,30,3.355,21.922,138,0.094,11,23.74,0.171,0.206,25.1,30.2
"2023-05-15 23:59:59",1262327,41.5,31.4,46.0,66.6,49.7,81.0,83,16,2.684,16.553,167,0.002,0,28.64,0.225,0.271,25.2,30.3
"2023-05-16 23:59:59",1262327,43.1,36.7,49.6,64.6,53.8,77.7,73,23,2.013,17.448,140,0.006,2,21.63,0.172,0.205,25.2,30.3
"2023-05-17 23:59:59",1262327,42.3,36.1,47.0,63.2,48.7,78.1,79,26,2.684,22.369,141,0.002,2,19.00,0.160,0.197,25.1,30.2
"2023-05-18 23:59:59",1262327,43.6,38.4,61.3,63.3,48.2,77.0,86,30,2.908,16.553,148,0.079,3,22.56,0.175,0.208,25.0,30.2
"2023-05-19 23:59:59",1262327,39.0,30.5,43.8,65.6,52.2,78.5,69,20,3.803,20.804,139,0.000,0,24.88,0.214,0.273,25.1,30.2
"2023-05-20 23:59:59",1262327,42.3,36.7,48.6,62.6,49.4,76.6,72,30,2.461,15.435,154,0.000,0,22.23,0.174,0.211,25.2,30.3
"2023-05-21 23:59:59",1262327,41.3,33.2,47.5,64.8,46.8,80.0,80,22,2.684,18.119,150,0.020,5,26.57,0.215,0.260,25.1,30.2
"2023-05-22 23:59:59",1262327,44.3,38.7,53.2,62.7,50.4,79.0,84,27,2.684,17.448,148,0.047,8,21.04,0.175,0.212,25.1,30.2
"2023-05-23 23:59:59",1262327,40.4,25.7,51.0,65.8,49.7,79.8,83,20,2.684,18.567,162,0.000,0,25.40,0.211,0.261,25.0,30.1
"2023-05-24 23:59:59",1262327,32.2,27.2,39.5,65.3,49.1,79.7,58,15,3.579,22.146,161,0.000,0,26.43,0.227,0.291,25.0,30.1
"2023-05-25 23:59:59",1262327,35.8,30.7,47.9,63.4,50.4,75.4,62,20,2.461,15.211,157,0.006,2,22.05,0.173,0.213,24.9,30.0
"2023-05-26 23:59:59",1262327,31.9,28.4,36.8,60.7,47.2,74.0,58,19,2.237,18.119,142,0.000,0,23.09,0.176,0.216,24.9,30.0
"2023-05-27 23:59:59",1262327,27.5,24.7,33.1,61.1,42.4,76.7,57,15,2.908,15.435,146,0.000,0,30.09,0.234,0.289,25.0,30.1
"2023-05-28 23:59:59",1262327,29.8,26.3,35.5,64.6,46.9,80.2,60,15,2.908,19.014,150,0.000,0,30.06,0.243,0.300,25.0,30.1
"2023-05-29 23:59:59",1262327,28.6,21.2,36.0,63.9,46.6,79.1,55,12,3.132,22.369,157,0.000,0,27.93,0.232,0.293,25.0,30.1
"2023-05-30 23:59:59",1262327,28.0,20.2,37.3,64.1,48.1,78.3,57,11,2.684,17.672,142,0.000,0,28.38,0.228,0.282,25.0,30.1
"2023-05-31 23:59:59",1262327,29.1,23.8,36.8,61.2,47.2,75.7,53,16,2.908,16.777,144,0.000,0,22.33,0.189,0.238,24.9,30.0
"2023-06-01 23:59:59",1262327,36.2,32.3,45.6,60.8,46.4,73.9,65,24,2.461,16.330,143,0.020,5,21.08,0.167,0.204,24.9,30.0
"2023-06-02 23:59:59",1262327,45.7,38.7,54.6,58.8,49.0,71.7,89,33,2.684,25.277,121,0.226,23,18.32,0.137,0.163,25.0,30.1
"2023-06-03 23:59:59",1262327,40.7,31.7,46.5,65.2,47.4,79.1,86,19,3.132,16.777,155,0.008,2,26.18,0.218,0.266,25.0,30.1
"2023-06-04 23:59:59",1262327,40.6,31.3,45.9,66.3,52.1,80.4,69,18,3.803,19.461,162,0.002,3,22.67,0.190,0.236,25.0,30.1
"2023-06-05 23:59:59",1262327,37.3,28.6,44.7,70.8,53.5,84.6,67,13,2.461,16.553,150,0.000,0,27.90,0.231,0.283,25.0,30.1
"2023-06-06 23:59:59",1262327,26.1,16.5,37.7,69.0,54.9,82.5,49,9,4.026,25.949,155,0.000,0,30.87,0.275,0.358,24.9,30.0
"2023-06-07 23:59:59",1262327,27.9,22.7,31.9,62.5,46.4,76.4,51,14,2.684,15.211,154,0.000,0,24.71,0.196,0.242,25.0,30.1
"2023-06-08 23:59:59",1262327,32.8,29.7,36.2,62.5,44.4,76.1,61,19,3.132,19.014,152,0.000,0,28.03,0.221,0.275,25.0,30.1
"2023-06-09 23:59:59",1262327,35.5,30.3,40.4,64.0,48.2,78.3,63,18,2.908,18.119,143,0.000,0,30.95,0.245,0.300,25.0,30.2
"2023-06-10 23:59:59",1262327,37.0,31.2,42.2,65.2,49.2,79.8,67,17,2.237,15.435,148,0.000,0,24.22,0.189,0.228,25.0,30.1
"2023-06-11 23:59:59",1262327,30.7,23.6,40.2,65.3,50.2,77.6,61,13,3.579,23.712,155,0.000,0,27.47,0.236,0.301,24.9,30.0
"2023-06-12 23:59:59",1262327,39.3,30.1,47.2,56.9,47.8,68.3,80,32,2.684,20.132,165,0.002,3,16.99,0.127,0.156,25.0,30.1
"2023-06-13 23:59:59",1262327,42.5,38.9,48.8,60.5,45.7,75.0,82,30,2.461,18.567,149,0.004,2,25.73,0.193,0.231,25.0,30.1
"2023-06-14 23:59:59",1262327,40.9,35.0,45.0,64.4,50.4,80.2,69,20,3.355,20.356,137,0.000,0,25.44,0.217,0.271,25.0,30.1
"2023-06-15 23:59:59",1262327,47.7,43.3,52.6,60.2,51.2,72.7,96,35,2.461,25.949,134,0.179,16,13.22,0.113,0.137,25.0,30.1
"2023-06-16 23:59:59",1262327,49.5,44.0,54.1,56.5,50.1,68.3,97,43,2.237,14.764,126,0.077,25,11.09,0.076,0.091,25.1,30.2
"2023-06-17 23:59:59",1262327,45.4,40.5,51.1,64.5,46.0,79.8,94,26,2.684,14.987,158,0.000,0,29.77,0.227,0.271,25.1,30.2
"2023-06-18 23:59:59",1262327,40.0,33.8,44.6,71.9,55.3,84.5,67,17,5.369,25.725,163,0.000,0,30.15,0.292,0.380,24.9,30.0
"2023-06-19 23:59:59",1262327,36.4,27.3,41.3,74.5,66.7,82.7,32,21,8.948,31.093,178,0.000,0,30.58,0.343,0.468,24.9,30.0
"2023-06-20 23:59:59",1262327,29.2,10.6,42.2,69.8,52.0,79.7,40,7,5.816,23.712,168,0.000,1,30.90,0.289,0.381,25.0,30.1
"2023-06-21 23:59:59",1262327,22.7,15.5,32.6,65.7,46.7,83.4,41,9,2.461,17.224,147,0.000,0,31.46,0.253,0.309,25.0,30.2
"2023-06-22 23:59:59",1262327,22.2,14.9,33.0,69.0,48.6,83.7,46,9,4.026,23.040,161,0.000,0,30.38,0.277,0.359,25.0,30.1
"2023-06-23 23:59:59",1262327,15.9,8.5,21.0,65.8,52.7,76.8,25,7,4.698,20.356,170,0.000,0,31.50,0.273,0.357,25.0,30.1
"2023-06-24 23:59:59",1262327,18.4,10.6,28.7,65.6,46.0,83.6,40,6,2.684,16.330,150,0.000,0,30.79,0.251,0.311,25.1,30.2
"2023-06-25 23:59:59",1262327,17.8,10.0,28.2,68.6,48.4,84.8,36,7,3.803,20.580,154,0.000,0,31.44,0.285,0.368,25.1,30.2
"2023-06-26 23:59:59",1262327,19.0,13.5,24.1,70.9,50.3,85.6,32,9,4.474,21.027,160,0.000,0,31.27,0.297,0.390,25.0,30.1
"2023-06-27 23:59:59",1262327,24.4,20.0,32.6,69.2,50.3,84.3,40,9,3.132,18.119,156,0.000,0,30.91,0.263,0.330,25.0,30.1
"2023-06-28 23:59:59",1262327,24.4,16.8,38.3,69.5,48.2,84.4,45,8,2.684,16.553,146,0.000,0,30.51,0.254,0.311,25.0,30.1
"2023-06-29 23:59:59",1262327,37.9,31.2,41.3,69.1,56.6,82.3,54,16,4.921,20.804,134,0.004,0,25.78,0.247,0.317,25.1,30.2
"2023-07-01 23:59:59",1262327,34.6,27.1,42.9,76.3,59.4,91.5,48,12,4.026,16.106,138,0.000,0,30.57,0.289,0.366,25.1,30.3
"2023-07-02 23:59:59",1262327,33.8,23.5,44.3,77.6,56.9,96.8,44,11,2.013,24.606,139,0.000,0,28.73,0.247,0.296,25.1,30.2
"2023-07-03 23:59:59",1262327,34.6,29.0,45.2,81.4,62.6,98.7,47,9,3.355,18.790,160,0.000,0,30.39,0.295,0.376,25.0,30.2
"2023-07-04 23:59:59",1262327,31.6,23.2,42.8,77.8,60.9,92.7,46,10,3.355,18.567,154,0.000,0,30.64,0.287,0.366,25.0,30.1
"2023-07-05 23:59:59",1262327,26.9,23.8,36.0,74.9,54.9,92.4,38,8,2.684,14.316,153,0.000,0,30.74,0.270,0.335,25.1,30.2
"2023-07-06 23:59:59",1262327,23.7,15.5,33.0,73.3,55.8,89.9,34,7,3.355,18.119,148,0.000,0,31.14,0.282,0.359,25.0,30.1
"2023-07-07 23:59:59",1262327,23.5,16.5,35.8,73.7,55.1,90.3,42,7,3.132,19.909,146,0.000,0,30.90,0.277,0.349,25.0,30.1
"2023-07-08 23:59:59",1262327,19.4,13.3,31.5,73.2,54.2,90.4,35,6,3.132,20.804,147,0.000,0,31.30,0.281,0.357,25.0,30.1
"2023-07-09 23:59:59",1262327,31.0,18.6,38.3,77.3,58.7,92.7,35,13,3.579,18.790,159,0.000,0,29.39,0.281,0.360,25.0,30.2
"2023-07-10 23:59:59",1262327,37.9,34.3,42.2,76.4,59.5,90.7,50,16,3.579,20.804,146,0.000,0,29.96,0.281,0.358,25.1,30.2
"2023-07-11 23:59:59",1262327,44.8,37.8,51.1,77.3,60.6,93.3,56,18,2.908,19.685,151,0.000,0,26.27,0.246,0.308,25.1,30.2
"2023-07-12 23:59:59",1262327,45.0,41.2,48.2,78.5,61.3,94.3,58,16,3.132,21.698,149,0.000,0,27.56,0.261,0.330,25.1,30.2
"2023-07-13 23:59:59",1262327,45.1,36.6,52.7,81.3,64.1,95.7,61,14,3.132,16.777,157,0.000,0,29.46,0.278,0.346,25.1,30.2
"2023-07-14 23:59:59",1262327,35.8,29.0,40.5,81.1,62.1,96.5,46,9,4.474,18.567,115,0.000,0,29.87,0.308,0.403,25.1,30.2
"2023-07-15 23:59:59",1262327,33.4,29.0,39.0,83.5,68.8,98.8,30,8,4.474,21.251,131,0.000,0,30.02,0.314,0.410,25.2,30.3
"2023-07-16 23:59:59",1262327,33.0,26.6,43.5,84.3,61.7,102.9,44,7,2.461,15.211,146,0.000,0,29.78,0.276,0.341,25.1,30.3
"2023-07-17 23:59:59",1262327,39.4,28.0,47.2,84.8,66.0,99.5,35,11,3.132,16.777,152,0.000,0,25.86,0.260,0.333,25.1,30.3
"2023-07-24 23:59:59",1262327,48.4,43.2,50.6,85.1,70.7,95.3,49,17,3.579,20.804,148,0.000,0,9.28,0.093,0.124,25.2,30.3
"2023-07-25 23:59:59",1262327,46.8,41.2,53.9,80.4,65.0,96.5,62,15,2.908,18.567,153,0.000,0,25.67,0.245,0.307,25.2,30.3
"2023-07-26 23:59:59",1262327,44.3,40.2,54.0,82.5,66.3,97.6,52,14,2.908,19.014,154,0.000,0,28.69,0.276,0.347,25.2,30.3
"2023-07-27 23:59:59",1262327,39.9,29.7,47.3,83.1,65.9,97.3,50,10,3.803,20.580,161,0.000,0,28.50,0.288,0.373,25.1,30.2
"2023-07-28 23:59:59",1262327,39.3,29.9,46.8,81.1,64.4,97.8,37,14,3.355,25.949,152,0.000,0,27.41,0.270,0.344,25.2,30.3
"2023-07-29 23:59:59",1262327,46.7,41.6,50.5,79.6,65.0,97.3,54,16,3.132,23.712,146,0.000,0,25.80,0.250,0.315,25.2,30.3
"2023-07-30 23:59:59",1262327,49.0,44.1,57.4,78.0,64.8,96.0,64,19,2.908,25.277,135,0.006,2,19.46,0.197,0.251,25.2,30.3
"2023-07-31 23:59:59",1262327,,,,,,,,,,,,,9,,,,,
"2023-08-01 23:59:59",1262327,59.4,55.7,62.7,67.3,61.0,75.3,97,49,2.013,12.303,168,0.067,9,13.75,0.101,0.116,25.2,30.3
"2023-08-02 23:59:59",1262327,58.3,55.7,63.4,65.3,59.9,74.2,94,52,2.013,14.987,152,0.260,11,13.89,0.094,0.106,25.2,30.3
"2023-08-03 23:59:59",1262327,51.0,41.4,56.9,71.7,55.3,87.4,93,19,2.684,19.461,153,0.000,0,27.94,0.233,0.281,25.1,30.3
"2023-08-04 23:59:59",1262327,43.5,36.3,51.3,74.8,57.1,90.1,77,16,2.684,17.896,147,0.000,0,28.06,0.243,0.294,25.1,30.2
"2023-08-05 23:59:59",1262327,36.4,28.2,44.8,75.1,58.6,92.5,60,11,2.684,16.553,148,0.000,0,28.42,0.251,0.311,25.1,30.2
"2023-08-06 23:59:59",1262327,30.2,21.4,42.1,76.5,58.4,92.9,44,8,3.132,16.777,150,0.000,0,28.50,0.265,0.339,25.1,30.2
"2023-08-07 23:59:59",1262327,27.6,13.2,39.1,76.0,58.6,91.7,44,7,3.579,19.461,154,0.000,0,28.39,0.268,0.344,25.1,30.2
"2023-08-08 23:59:59",1262327,25.6,13.2,30.3,74.4,56.4,89.5,33,8,3.355,16.330,156,0.000,0,27.95,0.257,0.329,25.1,30.2
"2023-08-09 23:59:59",1262327,38.9,26.3,52.1,74.1,56.9,87.7,55,13,3.132,18.567,147,0.002,1,25.28,0.228,0.286,25.1,30.2
"2023-08-10 23:59:59",1262327,54.1,48.2,60.9,70.1,61.8,81.8,91,32,2.684,27.738,161,0.146,9,17.06,0.137,0.166,25.1,30.2
"2023-08-11 23:59:59",1262327,52.8,44.7,58.4,73.3,57.9,86.6,91,25,2.684,19.014,159,0.000,0,26.46,0.216,0.258,25.1,30.2
"2023-08-12 23:59:59",1262327,51.3,45.0,55.5,70.4,59.8,88.0,76,23,2.461,16.330,134,0.122,4,22.79,0.198,0.237,25.2,30.3
"2023-08-13 23:59:59",1262327,53.6,46.0,62.8,69.3,60.9,86.5,91,24,1.342,13.198,144,0.057,6,16.90,0.139,0.163,25.2,30.3
"2023-08-14 23:59:59",1262327,51.9,46.4,57.0,73.8,58.9,88.4,80,24,2.013,14.316,127,0.004,2,20.30,0.172,0.205,25.2,30.3
"2023-08-15 23:59:59",1262327,57.4,51.5,64.5,72.2,66.0,87.3,93,32,2.237,15.659,141,0.041,11,11.95,0.115,0.138,25.2,30.3
"2023-08-16 23:59:59",1262327,56.3,49.4,60.2,74.6,58.7,90.3,94,25,2.461,13.869,150,0.000,0,26.29,0.224,0.265,25.2,30.3
"2023-08-17 23:59:59",1262327,55.6,52.0,59.8,74.3,63.6,91.8,77,25,1.790,22.146,146,0.008,3,19.50,0.165,0.197,25.1,30.2
"2023-08-18 23:59:59",1262327,54.0,51.1,57.9,71.3,62.8,81.7,77,33,3.355,22.369,161,0.014,4,14.91,0.142,0.181,25.1,30.2
"2023-08-19 23:59:59",1262327,57.5,53.5,60.9,66.6,57.6,80.2,98,39,2.908,21.922,156,0.213,24,18.52,0.144,0.170,25.1,30.2
"2023-08-20 23:59:59",1262327,58.5,56.0,61.8,66.9,61.3,73.0,95,57,2.908,17.448,127,0.020,11,5.78,0.056,0.070,25.1,30.2
"2023-08-21 23:59:59",1262327,57.2,51.8,60.1,68.2,59.6,75.1,97,45,4.698,22.593,163,0.234,20,12.33,0.122,0.155,25.2,30.3
"2023-08-22 23:59:59",1262327,59.3,57.2,62.1,62.3,58.3,72.1,98,59,1.118,15.435,147,0.746,45,9.98,0.064,0.068,25.2,30.3
"2023-08-23 23:59:59",1262327,56.9,22.7,60.2,67.2,56.6,84.2,99,35,2.684,19.909,140,0.386,13,21.39,0.179,0.210,25.1,30.3
"2023-08-24 23:59:59",1262327,57.4,54.5,61.0,69.3,56.5,82.6,96,41,2.237,16.553,151,0.000,0,25.58,0.195,0.224,25.1,30.3
"2023-08-25 23:59:59",1262327,54.4,47.4,60.0,72.6,59.9,87.3,90,25,1.790,13.645,149,0.000,0,25.47,0.200,0.232,25.2,30.3
"2023-08-26 23:59:59",1262327,50.6,41.1,59.0,74.8,62.3,89.4,78,19,2.237,16.777,139,0.000,0,25.09,0.213,0.257,25.2,30.3
"2023-08-27 23:59:59",1262327,45.0,41.6,52.8,74.5,58.6,90.6,70,18,2.013,14.316,131,0.000,0,24.53,0.205,0.246,25.2,30.3
"2023-08-28 23:59:59",1262327,42.6,35.7,48.7,75.8,58.6,93.3,67,14,2.237,14.093,142,0.000,0,25.41,0.220,0.269,25.2,30.3
"2023-08-29 23:59:59",1262327,43.3,38.6,49.9,77.5,58.9,96.1,67,15,2.908,18.119,145,0.000,0,25.12,0.234,0.294,25.1,30.2
"2023-08-30 23:59:59",1262327,37.2,31.6,46.3,76.7,60.0,93.8,50,11,2.684,18.119,146,0.000,0,25.37,0.232,0.291,25.1,30.2
"2023-08-31 23:59:59",1262327,46.5,36.2,61.3,76.0,62.2,91.6,96,17,3.579,28.185,153,0.528,14,23.75,0.228,0.290,25.0,30.1
"2023-09-01 23:59:59",1262327,58.7,56.6,60.6,60.3,58.9,63.2,99,83,2.237,15.659,150,1.486,71,4.57,0.028,0.031,25.1,30.2
"2023-09-02 23:59:59",1262327,59.3,56.7,63.4,64.6,59.1,74.8,99,56,2.461,12.751,171,0.093,18,14.45,0.106,0.122,25.2,30.3
"2023-09-03 23:59:59",1262327,56.5,47.0,61.8,66.4,59.0,76.1,97,42,3.132,17.001,158,0.128,11,18.64,0.143,0.171,25.1,30.2
"2023-09-04 23:59:59",1262327,50.4,45.2,58.2,63.2,52.7,74.6,95,39,2.013,12.527,155,0.016,2,23.64,0.165,0.189,25.0,30.1
"2023-09-05 23:59:59",1262327,46.5,42.4,50.5,64.5,49.2,79.6,88,26,2.684,15.435,158,0.000,0,24.31,0.187,0.224,25.1,30.2
"2023-09-06 23:59:59",1262327,44.5,38.3,49.9,65.2,51.1,81.4,87,21,2.684,16.330,139,0.000,0,24.35,0.194,0.237,25.1,30.2
"2023-09-07 23:59:59",1262327,40.1,33.0,45.9,66.6,50.5,83.4,78,15,2.684,17.448,144,0.000,0,24.43,0.200,0.247,25.1,30.3
"2023-09-08 23:59:59",1262327,42.8,35.4,48.8,69.3,53.7,85.5,70,16,2.461,16.553,140,0.000,0,23.38,0.194,0.238,25.2,30.3
"2023-09-09 23:59:59",1262327,46.6,41.6,52.8,73.0,56.9,88.8,75,18,2.908,21.027,134,0.000,0,23.09,0.203,0.248,25.2,30.3
"2023-09-10 23:59:59",1262327,52.0,45.6,57.4,63.0,53.7,70.5,94,44,3.132,24.159,135,0.049,18,7.32,0.066,0.086,25.2,30.3
"2023-09-11 23:59:59",1262327,50.4,47.3,54.5,64.9,51.5,79.5,95,36,2.237,12.303,145,0.000,0,20.28,0.153,0.181,25.1,30.2
"2023-09-12 23:59:59",1262327,53.3,45.8,59.0,63.5,55.9,73.6,90,46,2.237,17.672,136,0.136,8,12.78,0.090,0.106,25.1,30.2
"2023-09-13 23:59:59",1262327,50.4,45.4,55.6,63.7,51.8,75.8,91,42,2.013,12.303,137,0.006,1,15.31,0.114,0.132,25.1,30.2
"2023-09-14 23:59:59",1262327,47.2,41.3,51.3,64.8,54.0,76.3,78,30,3.132,16.553,127,0.000,0,13.91,0.117,0.149,25.1,30.2
"2023-09-15 23:59:59",1262327,42.2,37.3,46.4,62.7,50.2,78.0,83,23,2.461,15.882,135,0.000,0,21.93,0.165,0.199,25.1,30.3
"2023-09-16 23:59:59",1262327,39.4,34.2,45.6,64.4,49.4,80.9,76,18,1.566,15.211,138,0.000,0,20.24,0.148,0.174,25.2,30.3
"2023-09-17 23:59:59",1262327,39.5,35.0,48.2,68.2,51.3,84.2,66,17,1.790,15.211,145,0.000,0,22.19,0.173,0.208,25.1,30.2
"2023-09-18 23:59:59",1262327,38.2,30.9,45.8,67.4,54.4,82.1,65,15,2.461,14.093,146,0.000,0,22.36,0.178,0.219,25.1,30.2
"2023-09-19 23:59:59",1262327,35.9,28.2,42.1,64.1,50.8,79.6,63,16,2.461,15.211,143,0.000,0,22.04,0.172,0.212,25.0,30.2
"2023-09-20 23:59:59",1262327,39.5,31.8,50.0,62.0,48.4,78.9,84,21,2.908,18.119,147,0.045,8,21.35,0.168,0.209,25.0,30.1
"2023-09-21 23:59:59",1262327,35.9,28.9,44.2,62.2,47.7,74.3,85,19,4.250,21.251,164,0.000,0,21.34,0.179,0.233,24.9,30.0
"2023-09-22 23:59:59",1262327,29.2,24.8,32.8,61.5,47.1,73.7,57,17,3.579,18.567,153,0.000,0,21.46,0.172,0.221,25.0,30.2
"2023-09-23 23:59:59",1262327,37.1,29.0,44.2,56.3,44.7,68.5,85,29,2.461,18.119,151,0.000,2,11.07,0.092,0.117,25.1,30.2
"2023-09-24 23:59:59",1262327,38.7,32.0,44.2,58.6,43.7,76.9,89,21,2.461,14.316,145,0.000,0,21.22,0.158,0.195,25.1,30.3
"2023-09-25 23:59:59",1262327,37.5,32.6,41.6,63.5,46.2,81.6,69,20,2.237,15.659,139,0.000,0,20.70,0.160,0.196,25.2,30.3
"2023-09-26 23:59:59",1262327,34.9,24.0,40.8,64.5,49.4,81.3,64,13,2.013,13.645,141,0.000,0,20.94,0.161,0.197,25.1,30.3
"2023-09-27 23:59:59",1262327,32.2,25.2,38.2,64.8,48.8,83.1,58,11,2.684,15.659,143,0.000,0,20.77,0.171,0.216,25.1,30.2
"2023-09-28 23:59:59",1262327,26.6,23.5,33.9,63.0,47.4,79.7,52,12,2.908,19.014,140,0.000,0,20.61,0.170,0.218,25.0,30.1
"2023-09-29 23:59:59",1262327,31.9,25.1,37.0,66.1,49.6,80.4,50,19,4.474,20.804,156,0.000,0,20.10,0.190,0.251,24.9,30.0
"2023-09-30 23:59:59",1262327,36.6,28.0,48.4,63.1,50.3,70.8,94,24,5.369,23.488,165,0.120,11,9.39,0.127,0.181,24.8,29.9
"2023-10-01 23:59:59",1262327,39.1,32.4,43.6,53.8,46.5,64.9,91,31,4.026,19.685,175,0.100,9,15.40,0.108,0.135,24.9,30.0
"2023-10-02 23:59:59",1262327,40.2,35.7,43.7,49.4,42.4,59.6,95,42,3.355,16.106,152,0.112,18,17.45,0.099,0.116,25.0,30.1
"2023-10-03 23:59:59",1262327,36.2,32.7,40.2,51.6,37.1,65.4,94,32,2.684,17.001,144,0.000,0,19.07,0.123,0.146,25.1,30.2
"2023-10-04 23:59:59",1262327,37.5,35.1,40.7,55.2,43.4,68.2,79,33,5.816,23.488,145,0.000,0,19.23,0.147,0.191,25.2,30.3
"2023-10-05 23:59:59",1262327,37.9,35.1,41.6,57.1,43.5,72.6,75,30,4.698,19.238,132,0.000,0,19.02,0.146,0.189,25.2,30.4
"2023-10-06 23:59:59",1262327,39.5,36.6,43.7,59.4,46.6,74.6,74,29,5.145,21.027,130,0.000,0,18.83,0.150,0.196,25.2,30.3
"2023-10-07 23:59:59",1262327,36.0,30.2,41.4,62.3,46.8,81.1,72,16,2.684,12.974,143,0.000,0,18.58,0.141,0.174,25.2,30.3
"2023-10-08 23:59:59",1262327,34.7,31.8,39.4,62.6,47.9,80.9,60,18,1.566,11.856,150,0.000,0,17.15,0.131,0.157,25.1,30.2
"2023-10-09 23:59:59",1262327,34.3,30.3,40.2,62.5,48.4,79.9,63,15,2.013,14.093,136,0.000,0,18.43,0.145,0.180,25.0,30.1
"2023-10-10 23:59:59",1262327,32.9,30.8,36.6,64.1,49.4,76.4,57,18,3.579,19.238,150,0.000,0,18.05,0.156,0.205,24.8,29.9
"2023-10-11 23:59:59",1262327,31.6,22.5,35.6,58.7,47.1,69.3,55,17,4.921,23.264,156,0.002,0,14.29,0.132,0.176,24.7,29.8
"2023-10-12 23:59:59",1262327,28.1,24.5,31.6,48.5,39.8,58.2,70,28,6.935,27.291,124,0.000,0,18.01,0.134,0.179,24.9,30.0
"2023-10-13 23:59:59",1262327,25.6,20.9,29.9,50.5,36.8,66.5,68,19,3.132,19.238,148,0.000,0,17.08,0.114,0.142,25.1,30.2
"2023-10-14 23:59:59",1262327,24.9,21.8,29.7,52.3,37.3,70.8,61,19,2.013,13.869,142,0.000,0,15.39,0.108,0.135,25.2,30.3
"2023-10-15 23:59:59",1262327,25.2,19.9,30.0,57.3,40.2,78.2,57,12,1.790,12.751,136,0.000,0,17.35,0.123,0.152,25.3,30.4
"2023-10-16 23:59:59",1262327,26.2,22.9,31.0,60.7,43.2,81.3,51,13,2.013,13.645,134,0.000,0,17.14,0.132,0.167,25.2,30.3
"2023-10-17 23:59:59",1262327,29.2,25.0,33.2,63.4,48.4,80.6,50,17,2.461,15.882,133,0.000,0,16.84,0.135,0.172,25.1,30.2
"2023-10-18 23:59:59",1262327,29.4,25.7,33.1,63.8,49.4,79.2,45,16,5.145,21.922,121,0.000,0,16.78,0.171,0.235,25.2,30.3
"2023-10-19 23:59:59",1262327,32.3,29.2,36.0,62.1,48.0,80.1,52,19,4.026,15.435,122,0.000,0,16.63,0.149,0.200,25.2,30.3
"2023-10-20 23:59:59",1262327,29.7,25.0,34.9,62.4,46.6,83.3,58,12,1.566,11.632,137,0.000,0,16.43,0.121,0.148,25.1,30.2
"2023-10-21 23:59:59",1262327,28.6,26.0,32.7,61.8,48.1,78.9,49,15,2.237,13.869,133,0.000,0,16.03,0.124,0.158,25.0,30.1
"2023-10-22 23:59:59",1262327,30.0,26.8,35.0,63.1,47.9,77.7,57,16,3.355,22.817,149,0.000,0,15.99,0.141,0.187,24.9,30.0
"2023-10-23 23:59:59",1262327,25.4,13.3,34.4,57.2,46.2,69.8,56,11,2.237,14.764,139,0.000,0,16.09,0.112,0.141,24.8,29.9
"2023-10-24 23:59:59",1262327,27.7,21.6,35.9,54.0,43.5,69.7,64,19,3.132,14.987,128,0.000,0,15.74,0.113,0.145,24.9,30.0
"2023-10-25 23:59:59",1262327,29.7,23.6,33.6,54.5,40.4,66.1,59,25,4.026,20.356,151,0.000,0,15.65,0.123,0.163,25.0,30.1
"2023-10-26 23:59:59",1262327,34.4,24.8,42.1,51.3,37.6,59.5,63,41,6.040,24.830,153,0.000,0,13.17,0.100,0.132,25.0,30.1
"2023-10-27 23:59:59",1262327,31.8,24.6,38.6,48.5,31.9,63.6,86,32,2.684,18.790,142,0.000,0,14.00,0.090,0.114,25.0,30.1
"2023-10-28 23:59:59",1262327,22.8,12.8,32.6,43.1,33.3,52.7,78,29,6.487,24.383,110,0.000,0,15.40,0.105,0.143,25.0,30.1
"2023-10-29 23:59:59",1262327,12.0,7.5,16.7,34.4,26.9,45.1,58,26,8.277,28.409,145,0.000,0,14.38,0.090,0.124,25.2,30.3
"2023-10-30 23:59:59",1262327,7.4,1.8,12.1,37.0,22.6,52.9,55,14,6.711,24.383,152,0.000,0,15.25,0.103,0.139,25.3,30.4
"2023-10-31 23:59:59",1262327,5.2,0.5,8.1,42.2,27.8,57.7,41,12,5.145,18.119,124,0.000,0,14.95,0.111,0.152,25.3,30.4
"2023-11-01 23:59:59",1262327,7.1,5.2,11.7,44.9,28.2,64.5,40,10,2.013,13.869,138,0.000,0,14.59,0.092,0.118,25.2,30.3
"2023-11-02 23:59:59",1262327,10.4,6.4,16.1,48.5,33.3,67.8,39,11,2.237,14.987,133,0.000,0,14.37,0.097,0.126,25.2,30.3
"2023-11-03 23:59:59",1262327,14.7,9.7,19.5,51.5,36.2,69.9,41,12,2.013,14.540,135,0.000,0,13.43,0.092,0.120,25.2,30.3
"2023-11-04 23:59:59",1262327,18.4,9.6,25.7,53.4,37.5,73.4,50,9,2.013,14.316,138,0.000,0,13.63,0.097,0.125,25.2,30.3
"2023-11-05 23:59:59",1262327,15.2,11.4,20.4,56.9,46.2,67.1,28,12,3.132,15.882,150,0.000,0,9.71,0.093,0.133,25.1,30.2
"2023-11-06 23:59:59",1262327,21.0,17.0,23.4,62.1,50.7,69.9,29,15,5.369,22.369,169,0.000,0,13.97,0.151,0.212,24.9,30.1
"2023-11-07 23:59:59",1262327,25.8,18.2,35.1,53.7,35.9,62.8,93,20,6.263,23.040,155,0.132,16,13.63,0.124,0.170,24.9,30.0
"2023-11-08 23:59:59",1262327,29.0,25.5,34.4,39.7,35.0,47.2,93,44,7.829,27.962,149,0.030,9,13.36,0.069,0.092,25.1,30.3
"2023-11-09 23:59:59",1262327,22.5,20.1,25.6,37.2,27.2,49.4,86,33,5.369,28.633,143,0.000,0,13.55,0.073,0.097,25.2,30.3
"2023-11-10 23:59:59",1262327,14.7,7.5,21.2,38.7,24.1,55.7,72,14,2.237,11.185,145,0.000,0,12.85,0.067,0.081,25.1,30.2
"2023-11-11 23:59:59",1262327,9.0,5.4,13.1,40.0,25.3,58.9,52,13,1.790,13.198,133,0.000,0,13.40,0.075,0.093,25.2,30.3
"2023-11-12 23:59:59",1262327,9.4,3.0,15.9,45.9,28.2,64.3,51,12,2.237,15.435,144,0.000,0,13.38,0.088,0.114,25.2,30.3
"2023-11-13 23:59:59",1262327,17.5,3.7,26.8,54.1,41.6,62.9,41,13,3.579,16.777,172,0.000,0,11.55,0.093,0.131,25.1,30.2
"2023-11-14 23:59:59",1262327,29.4,23.3,36.1,52.8,41.3,65.8,65,29,2.684,15.435,149,0.000,0,12.44,0.085,0.110,25.1,30.2
"2023-11-15 23:59:59",1262327,34.2,29.4,45.4,52.3,39.9,66.2,89,30,3.132,17.896,146,0.094,10,9.51,0.069,0.094,25.1,30.2
"2023-11-16 23:59:59",1262327,44.9,39.8,50.4,49.6,42.4,59.0,97,49,2.684,13.198,161,0.344,28,11.58,0.055,0.062,25.1,30.2
"2023-11-17 23:59:59",1262327,37.1,32.5,42.8,46.4,35.5,59.7,99,45,2.013,14.540,141,0.000,0,12.36,0.063,0.074,25.1,30.2
"2023-11-18 23:59:59",1262327,38.3,35.8,41.5,48.9,40.2,56.5,90,47,3.132,18.567,165,0.016,5,9.19,0.052,0.066,25.0,30.1
"2023-11-19 23:59:59",1262327,36.4,26.2,41.4,40.4,34.6,43.7,96,72,3.803,25.949,135,0.280,37,3.60,0.014,0.016,24.9,30.1
"2023-11-20 23:59:59",1262327,25.3,21.3,28.0,35.5,31.7,40.7,78,58,8.948,28.409,172,0.000,0,12.52,0.062,0.081,25.3,30.4
"2023-11-21 23:59:59",1262327,26.7,24.2,29.2,37.8,31.1,47.9,84,46,6.040,20.580,126,0.000,0,12.01,0.061,0.080,25.4,30.5
"2023-11-22 23:59:59",1262327,26.1,23.6,28.7,38.4,26.4,56.2,94,31,1.566,13.198,130,0.000,0,11.80,0.057,0.067,25.2,30.3
"2023-11-23 23:59:59",1262327,26.1,22.3,30.2,41.2,31.0,51.0,86,34,2.013,14.093,146,0.000,0,6.56,0.036,0.048,24.9,30.0
"2023-11-24 23:59:59",1262327,30.8,26.6,34.0,35.5,31.5,42.3,95,54,3.132,17.224,142,0.185,44,4.76,0.016,0.018,24.9,30.0
"2023-11-25 23:59:59",1262327,23.4,19.1,26.9,31.0,27.6,35.5,86,59,6.040,21.251,129,0.002,1,8.29,0.034,0.044,25.1,30.2
"2023-11-26 23:59:59",1262327,18.9,14.7,21.9,28.6,20.7,36.5,83,50,6.263,20.356,117,0.000,0,11.62,0.046,0.060,25.2,30.3
"2023-11-27 23:59:59",1262327,18.9,17.0,20.4,29.3,23.2,38.5,83,45,7.606,21.251,121,0.000,0,11.66,0.048,0.063,25.2,30.3
"2023-11-28 23:59:59",1262327,16.9,13.4,21.8,31.2,17.0,52.4,92,22,1.342,12.079,133,0.000,0,11.52,0.047,0.055,25.2,30.3
"2023-11-29 23:59:59",1262327,22.7,16.6,31.4,38.0,29.0,50.8,84,32,1.566,12.751,131,0.002,1,8.65,0.038,0.047,24.9,30.1
"2023-11-30 23:59:59",1262327,27.0,24.2,29.4,37.4,28.1,46.8,94,44,1.790,12.303,139,0.000,3,8.64,0.034,0.040,24.8,29.9
"2023-12-01 23:59:59",1262327,23.3,13.7,31.7,34.1,27.4,42.9,92,34,1.790,12.751,136,0.004,4,6.46,0.023,0.028,24.9,30.0
"2023-12-02 23:59:59",1262327,20.8,16.2,24.1,36.3,27.1,44.3,73,38,2.461,13.422,144,0.000,0,8.63,0.040,0.051,25.1,30.2
"2023-12-03 23:59:59",1262327,25.0,22.3,27.4,37.4,30.7,49.4,79,41,2.013,13.869,136,0.000,0,10.03,0.044,0.054,25.1,30.3
"2023-12-04 23:59:59",1262327,29.3,24.9,32.1,44.2,30.8,57.4,85,37,3.579,17.448,127,0.000,0,10.77,0.065,0.085,25.2,30.3
"2023-12-05 23:59:59",1262327,29.4,25.4,32.8,45.0,36.1,60.8,76,29,3.579,15.882,135,0.000,0,10.83,0.063,0.082,25.3,30.4
"2023-12-06 23:59:59",1262327,26.1,22.9,29.0,47.2,32.1,61.5,74,28,2.908,18.790,145,0.000,0,10.70,0.072,0.096,25.1,30.2
"2023-12-07 23:59:59",1262327,25.3,13.7,28.7,46.6,32.2,53.2,61,36,3.132,15.882,150,0.000,0,9.55,0.059,0.078,25.0,30.1
"2023-12-08 23:59:59",1262327,10.7,-14.4,20.0,35.2,28.0,45.5,64,8,4.250,19.685,120,0.000,0,10.72,0.063,0.084,25.0,30.1
"2023-12-09 23:59:59",1262327,10.8,7.9,13.1,29.8,22.6,39.5,62,27,6.487,21.251,104,0.000,0,10.79,0.057,0.078,25.3,30.4
"2023-12-10 23:59:59",1262327,7.8,1.4,11.6,31.8,19.3,49.6,68,14,1.566,10.290,132,0.000,0,10.31,0.046,0.058,25.3,30.4
"2023-12-11 23:59:59",1262327,11.8,6.9,16.6,37.5,27.1,54.3,53,18,1.790,13.869,132,0.000,0,9.66,0.050,0.063,25.0,30.2
"2023-12-12 23:59:59",1262327,17.3,12.8,22.9,35.1,23.8,46.6,71,31,5.369,20.580,128,0.000,0,10.54,0.062,0.084,25.0,30.1
"2023-12-13 23:59:59",1262327,23.2,21.0,25.7,33.8,29.2,41.1,77,51,6.487,22.593,130,0.000,0,9.83,0.047,0.062,25.1,30.2
"2023-12-14 23:59:59",1262327,23.2,19.2,25.0,37.4,26.7,48.4,80,39,5.369,19.014,112,0.000,0,10.40,0.058,0.078,25.2,30.3
"2023-12-15 23:59:59",1262327,20.3,17.1,23.2,38.0,28.1,51.4,68,31,4.698,18.343,127,0.000,0,9.72,0.062,0.085,25.3,30.4
"2023-12-16 23:59:59",1262327,15.7,10.5,22.0,37.7,24.5,58.5,75,16,1.790,15.211,133,0.000,0,9.84,0.052,0.066,25.2,30.3
"2023-12-17 23:59:59",1262327,17.3,14.3,21.8,38.0,28.3,50.4,62,26,5.145,21.027,135,0.000,0,7.86,0.059,0.086,25.2,30.3
"2023-12-18 23:59:59",1262327,18.1,14.9,21.9,42.7,27.6,58.1,66,20,2.461,18.119,148,0.000,0,9.16,0.061,0.083,25.1,30.2
"2023-12-19 23:59:59",1262327,23.4,16.9,37.4,48.8,42.4,55.3,64,23,2.461,16.553,169,0.008,4,7.12,0.050,0.069,25.0,30.1
"2023-12-20 23:59:59",1262327,36.0,30.5,41.5,45.9,38.2,56.5,96,40,2.013,14.540,142,0.047,10,8.54,0.043,0.053,25.0,30.1
"2023-12-21 23:59:59",1262327,36.8,31.6,43.6,45.4,38.3,55.6,98,42,1.118,10.290,134,0.051,12,7.52,0.032,0.036,25.1,30.2
"2023-12-22 23:59:59",1262327,37.3,32.6,41.8,40.9,38.4,43.5,98,74,0.447,4.026,134,0.264,47,1.91,0.006,0.004,25.0,30.1
"2023-12-23 23:59:59",1262327,33.5,19.1,41.1,38.6,31.7,45.0,99,60,3.355,20.804,131,0.002,3,5.96,0.034,0.040,24.9,30.1
"2023-12-24 23:59:59",1262327,14.6,11.1,19.0,29.7,24.5,37.6,69,39,6.263,20.580,127,0.000,0,10.47,0.052,0.069,25.1,30.2
"2023-12-25 23:59:59",1262327,11.1,6.0,14.5,31.3,24.8,40.0,69,28,7.606,23.488,104,0.000,0,10.34,0.063,0.086,25.2,30.3
"2023-12-26 23:59:59",1262327,9.4,0.8,15.3,32.2,21.7,41.6,59,22,6.487,24.383,114,0.000,0,8.85,0.060,0.084,25.2,30.3
"2023-12-27 23:59:59",1262327,18.9,12.2,24.4,36.2,27.8,45.5,72,40,5.592,19.461,107,0.000,0,9.75,0.058,0.078,25.2,30.3
"2023-12-28 23:59:59",1262327,23.3,21.5,25.1,39.6,29.9,51.4,76,34,4.250,18.790,99,0.000,0,10.05,0.059,0.079,25.2,30.3
"2023-12-29 23:59:59",1262327,20.4,13.4,25.6,40.7,25.3,55.6,86,24,2.237,15.211,145,0.000,0,10.04,0.054,0.071,25.2,30.3
"2023-12-30 23:59:59",1262327,13.7,11.8,19.4,43.8,29.5,55.7,54,17,2.684,15.659,152,0.000,0,10.89,0.068,0.090,25.0,30.2
"2023-12-31 23:59:59",1262327,15.0,12.1,17.7,34.2,25.1,47.3,64,27,2.237,15.659,134,0.000,0,10.04,0.045,0.058,25.1,30.2
"2024-01-01 23:59:59",1262327,20.0,17.6,24.7,37.2,26.2,50.4,75,31,1.790,11.632,126,0.000,0,10.42,0.048,0.057,25.1,30.2
"2024-01-02 23:59:59",1262327,19.0,15.7,21.4,36.0,25.0,49.6,74,31,2.461,11.632,144,0.000,0,10.66,0.050,0.062,25.1,30.2
"2024-01-03 23:59:59",1262327,23.9,17.9,30.7,34.3,30.5,40.5,98,42,2.684,16.777,181,0.207,42,3.02,0.024,0.034,24.9,30.1
"2024-01-04 23:59:59",1262327,28.2,24.9,30.5,31.7,30.3,34.2,98,80,7.158,22.593,149,0.075,28,5.87,0.021,0.026,25.0,30.1
"2024-01-05 23:59:59",1262327,22.9,16.5,27.6,30.3,21.5,38.2,88,55,5.145,19.014,110,0.010,3,9.26,0.038,0.047,25.0,30.2
"2024-01-06 23:59:59",1262327,15.3,11.1,21.3,29.9,20.9,35.2,82,38,4.474,20.132,149,0.000,0,7.10,0.037,0.048,25.0,30.1
"2024-01-07 23:59:59",1262327,20.7,14.8,25.9,25.4,19.7,33.2,97,47,6.487,25.949,169,0.152,37,5.80,0.018,0.023,24.7,29.8
"2024-01-08 23:59:59",1262327,11.4,7.4,14.8,21.0,13.8,28.4,83,50,6.487,23.264,158,0.000,0,11.36,0.037,0.048,25.0,30.2
"2024-01-09 23:59:59",1262327,8.2,3.2,11.8,19.4,8.3,31.9,84,39,1.566,10.737,135,0.000,0,7.61,0.025,0.031,25.0,30.2
"2024-01-10 23:59:59",1262327,12.8,8.1,18.2,27.2,14.9,38.1,82,37,3.579,18.119,152,0.000,0,11.06,0.049,0.063,24.8,29.9
"2024-01-11 23:59:59",1262327,13.4,3.7,24.3,22.7,11.5,28.9,92,43,5.369,27.514,129,0.132,20,11.78,0.035,0.045,24.8,29.9
"2024-01-12 23:59:59",1262327,8.8,3.5,12.1,22.0,12.0,35.7,79,34,2.461,16.553,148,0.000,0,9.48,0.035,0.046,25.0,30.1
"2024-01-13 23:59:59",1262327,15.9,7.8,28.0,28.4,17.3,39.4,87,36,2.013,16.553,151,0.008,3,9.54,0.034,0.043,24.9,30.1
"2024-01-14 23:59:59",1262327,20.3,16.6,26.0,33.5,26.2,44.1,81,40,1.790,10.961,147,0.000,0,7.29,0.030,0.038,24.9,30.0
"2024-01-15 23:59:59",1262327,23.3,19.6,25.5,37.5,28.6,46.0,83,38,4.698,20.356,116,0.000,0,11.59,0.066,0.087,25.0,30.1
"2024-01-16 23:59:59",1262327,20.8,16.2,24.7,33.8,23.8,47.7,81,31,4.250,17.448,134,0.000,0,11.71,0.051,0.063,25.1,30.2
"2024-01-17 23:59:59",1262327,22.7,16.6,28.1,39.9,30.2,49.7,81,33,3.355,16.330,159,0.000,0,11.08,0.063,0.082,24.9,30.0
"2024-01-18 23:59:59",1262327,24.7,19.9,28.5,38.9,28.5,53.6,90,27,1.790,12.303,130,0.000,0,10.47,0.051,0.061,25.1,30.2
"2024-01-19 23:59:59",1262327,24.5,20.2,27.9,41.8,27.9,54.7,79,33,1.790,13.869,156,0.000,0,6.90,0.037,0.046,25.1,30.2
"2024-01-20 23:59:59",1262327,33.1,26.3,41.2,43.6,40.2,46.5,94,44,2.684,14.764,170,0.134,27,3.34,0.023,0.031,24.9,30.0
"2024-01-21 23:59:59",1262327,37.1,34.0,39.6,39.6,37.5,42.7,98,70,2.461,11.856,181,0.146,85,4.21,0.016,0.018,24.9,30.0
"2024-01-22 23:59:59",1262327,37.3,35.3,39.4,39.1,37.1,42.0,99,85,2.013,10.737,176,0.102,44,3.37,0.012,0.013,24.9,30.0
"2024-01-23 23:59:59",1262327,36.5,34.6,39.3,39.1,35.9,43.5,98,80,2.237,16.106,141,0.207,69,5.76,0.021,0.024,24.9,30.0
"2024-01-24 23:59:59",1262327,35.6,31.3,39.4,41.6,38.1,48.8,91,51,3.132,12.527,131,0.000,3,10.37,0.043,0.050,25.0,30.1
"2024-01-25 23:59:59",1262327,34.2,31.3,37.4,36.6,32.8,40.4,98,75,2.684,16.553,129,0.504,56,3.46,0.010,0.009,25.0,30.1
"2024-01-26 23:59:59",1262327,27.7,25.1,33.1,35.3,31.1,40.7,93,61,6.040,20.804,132,0.000,0,12.57,0.055,0.070,25.2,30.3
"2024-01-27 23:59:59",1262327,25.2,20.4,29.1,38.3,30.3,48.0,83,34,4.921,20.132,108,0.000,0,12.58,0.068,0.090,25.3,30.4
"2024-01-28 23:59:59",1262327,30.8,26.5,35.2,43.1,33.7,53.9,80,47,5.369,19.909,103,0.000,0,12.52,0.074,0.098,25.3,30.4
"2024-01-29 23:59:59",1262327,34.1,29.6,38.0,46.9,36.7,57.3,83,44,5.145,18.567,101,0.000,0,12.95,0.081,0.106,25.2,30.4
"2024-01-30 23:59:59",1262327,32.5,29.3,35.9,44.2,31.4,61.6,96,36,1.566,10.961,135,0.000,0,13.13,0.069,0.080,25.2,30.3
"2024-01-31 23:59:59",1262327,30.8,28.1,35.1,47.7,33.8,61.3,84,30,3.132,15.882,145,0.000,0,12.89,0.083,0.107,25.0,30.2
"2024-02-01 23:59:59",1262327,38.0,34.8,40.9,46.2,36.9,52.6,96,51,4.921,25.501,171,1.049,48,2.62,0.029,0.042,24.8,29.9
"2024-02-02 23:59:59",1262327,34.3,31.2,36.9,35.6,33.1,37.8,99,92,2.461,13.869,180,0.362,67,4.90,0.020,0.022,24.7,29.8
"2024-02-03 23:59:59",1262327,30.2,26.2,35.6,34.4,28.2,43.6,99,54,1.566,12.079,150,0.002,1,11.35,0.048,0.054,24.9,30.0
"2024-02-04 23:59:59",1262327,29.9,26.2,33.4,35.7,28.5,43.8,95,58,3.579,22.146,165,0.037,22,5.14,0.025,0.030,25.0,30.1
"2024-02-05 23:59:59",1262327,32.1,29.4,35.3,46.7,41.0,53.0,83,46,6.040,20.580,180,0.075,27,6.47,0.059,0.080,24.9,30.0
"2024-02-06 23:59:59",1262327,32.9,24.5,39.1,42.8,35.9,49.4,97,39,4.698,30.870,174,0.909,58,1.10,0.021,0.030,24.7,29.8
"2024-02-07 23:59:59",1262327,31.9,30.2,34.2,34.3,32.3,36.1,98,85,4.698,17.448,175,0.612,90,6.22,0.023,0.026,24.7,29.8
"2024-02-08 23:59:59",1262327,29.5,25.8,32.9,32.4,29.3,35.3,98,77,3.803,17.001,182,0.648,59,10.89,0.035,0.038,24.8,29.9
"2024-02-09 23:59:59",1262327,27.1,24.9,29.6,30.7,28.2,35.0,98,73,2.461,11.632,188,0.217,31,9.41,0.028,0.031,24.9,30.0
"2024-02-10 23:59:59",1262327,23.0,19.7,28.4,28.8,26.4,33.5,98,57,6.263,25.501,170,0.053,25,11.67,0.039,0.049,24.9,30.1
"2024-02-11 23:59:59",1262327,18.7,13.7,22.5,28.8,19.7,38.5,85,47,5.592,22.593,122,0.000,0,15.29,0.060,0.075,25.1,30.2
"2024-02-12 23:59:59",1262327,23.4,17.7,29.3,33.3,23.2,47.1,92,43,2.908,14.764,155,0.000,0,15.47,0.066,0.075,25.1,30.2
"2024-02-13 23:59:59",1262327,25.5,21.8,28.0,37.0,24.2,51.9,95,37,2.461,14.764,142,0.000,0,15.49,0.076,0.092,25.0,30.1
"2024-02-14 23:59:59",1262327,25.4,22.4,29.4,38.3,26.6,49.0,89,45,2.461,14.764,146,0.000,0,12.69,0.061,0.075,25.0,30.1
"2024-02-15 23:59:59",1262327,27.3,23.7,31.4,42.4,31.9,50.2,84,44,2.908,14.987,163,0.000,0,11.63,0.064,0.079,25.1,30.2
"2024-02-16 23:59:59",1262327,27.7,24.6,32.8,39.4,29.3,53.1,90,40,2.013,12.527,138,0.000,0,14.65,0.073,0.086,25.1,30.2
"2024-02-17 23:59:59",1262327,28.0,24.7,32.5,39.7,33.9,47.6,78,45,4.250,19.685,121,0.000,0,10.06,0.053,0.068,25.1,30.2
"2024-02-18 23:59:59",1262327,28.7,25.0,32.7,45.7,35.2,55.9,84,39,3.355,14.987,168,0.000,0,16.30,0.099,0.123,25.0,30.1
"2024-02-19 23:59:59",1262327,31.8,27.3,35.3,47.4,33.0,56.5,85,41,4.474,20.356,173,0.000,0,13.30,0.087,0.114,25.0,30.1
"2024-02-20 23:59:59",1262327,36.2,30.5,39.8,42.9,38.5,49.4,98,49,2.461,16.106,150,0.268,53,3.79,0.024,0.029,25.1,30.2
"2024-02-21 23:59:59",1262327,36.4,30.5,40.3,39.6,32.6,45.4,97,74,2.461,13.198,156,0.120,38,9.62,0.040,0.044,25.0,30.1
"2024-02-22 23:59:59",1262327,29.1,24.9,34.3,39.5,30.9,51.2,98,37,4.250,19.014,132,0.000,0,16.77,0.083,0.102,25.2,30.3
"2024-02-23 23:59:59",1262327,23.8,21.2,25.7,40.4,28.8,54.1,80,29,4.921,18.790,117,0.000,0,15.86,0.092,0.120,25.2,30.3
"2024-02-24 23:59:59",1262327,23.8,20.1,28.5,41.5,27.7,57.5,85,23,2.237,14.316,136,0.000,0,13.56,0.075,0.093,25.1,30.2
"2024-02-25 23:59:59",1262327,27.0,24.1,29.9,46.7,33.8,59.3,76,26,2.684,17.224,139,0.000,0,15.24,0.095,0.121,25.1,30.2
"2024-02-26 23:59:59",1262327,27.8,25.6,31.6,50.6,45.9,56.6,54,30,4.026,21.698,154,0.000,0,16.24,0.111,0.143,24.9,30.0
"2024-02-27 23:59:59",1262327,24.5,15.4,33.9,42.5,29.8,50.6,76,23,5.369,22.817,133,0.002,0,16.35,0.096,0.123,24.9,30.0
"2024-02-28 23:59:59",1262327,14.1,6.4,17.9,38.4,23.8,56.0,71,14,4.026,16.106,145,0.000,0,18.22,0.106,0.133,25.1,30.2
"2024-02-29 23:59:59",1262327,19.9,14.3,27.1,43.6,28.4,55.8,65,24,3.803,22.817,151,0.000,0,17.15,0.111,0.145,25.0,30.1
"2024-03-01 23:59:59",1262327,26.5,19.6,32.8,50.1,44.1,57.8,63,25,6.935,24.606,174,0.000,0,18.27,0.138,0.180,24.9,30.0
"2024-03-02 23:59:59",1262327,28.4,21.4,37.1,44.5,33.9,48.8,90,35,8.500,32.883,176,0.224,42,4.97,0.069,0.102,24.7,29.9
"2024-03-03 23:59:59",1262327,26.8,23.2,31.1,40.9,32.2,48.3,83,47,5.369,20.132,173,0.014,4,12.17,0.076,0.098,24.8,29.9
"2024-03-04 23:59:59",1262327,26.7,24.2,29.7,40.5,31.3,51.8,85,34,3.579,18.343,168,0.000,0,17.54,0.092,0.113,24.9,30.0
"2024-03-05 23:59:59",1262327,26.4,24.9,28.7,40.1,29.9,53.2,87,36,2.237,15.435,142,0.000,0,16.58,0.086,0.103,24.9,30.1
"2024-03-06 23:59:59",1262327,25.6,21.3,29.5,41.9,30.4,55.9,88,27,2.461,16.553,143,0.000,0,18.55,0.103,0.126,24.8,30.0
"2024-03-07 23:59:59",1262327,29.4,24.7,35.6,40.7,36.0,49.2,86,39,2.908,18.119,166,0.035,6,11.38,0.063,0.074,24.8,29.9
"2024-03-08 23:59:59",1262327,19.9,12.9,30.6,36.1,29.4,44.7,78,28,8.500,26.843,171,0.000,0,20.06,0.107,0.139,25.1,30.2
"2024-03-09 23:59:59",1262327,15.6,12.0,17.9,38.6,22.6,55.7,76,19,4.250,16.553,158,0.000,0,19.91,0.114,0.143,25.1,30.2
"2024-03-10 23:59:59",1262327,20.2,15.5,25.0,45.4,29.8,58.4,63,22,3.355,18.567,156,0.000,0,15.88,0.107,0.141,25.1,30.2
"2024-03-11 23:59:59",1262327,24.5,20.2,28.8,48.9,36.2,59.1,60,25,4.250,20.580,167,0.000,0,17.88,0.128,0.168,25.0,30.1
"2024-03-12 23:59:59",1262327,29.3,20.9,38.5,40.3,33.2,47.6,89,40,1.566,14.987,135,0.093,15,6.88,0.032,0.037,25.0,30.1
"2024-03-13 23:59:59",1262327,30.2,21.8,35.2,36.4,30.1,42.5,92,52,6.487,25.725,132,0.195,29,14.09,0.062,0.075,24.9,30.0
"2024-03-14 23:59:59",1262327,23.1,19.4,27.3,34.5,28.1,43.8,77,49,8.277,26.396,157,0.000,0,16.42,0.079,0.104,24.9,30.0
"2024-03-15 23:59:59",1262327,31.7,26.6,36.9,36.8,31.9,40.7,94,74,5.816,20.580,107,0.120,37,4.70,0.026,0.032,24.9,30.0
"2024-03-16 23:59:59",1262327,33.2,29.7,36.4,38.7,32.9,47.9,97,51,1.790,12.751,150,0.256,32,10.23,0.051,0.059,25.0,30.1
"2024-03-17 23:59:59",1262327,34.4,30.0,38.5,41.6,34.2,53.1,96,46,4.250,23.488,128,0.002,4,15.20,0.075,0.092,25.0,30.2
"2024-03-18 23:59:59",1262327,29.5,24.4,34.4,45.2,35.5,59.0,86,26,2.237,12.527,136,0.010,4,9.68,0.060,0.073,25.1,30.2
"2024-03-19 23:59:59",1262327,29.7,26.5,34.2,46.4,32.2,61.8,85,26,1.790,13.198,147,0.000,0,20.33,0.120,0.138,25.1,30.2
"2024-03-20 23:59:59",1262327,32.6,28.3,35.9,48.7,33.1,64.9,91,26,2.237,16.777,143,0.000,0,22.24,0.140,0.166,25.0,30.1
"2024-03-21 23:59:59",1262327,31.6,23.2,36.2,49.6,36.4,64.8,84,22,2.237,16.106,141,0.000,0,17.33,0.115,0.142,25.0,30.1
"2024-03-22 23:59:59",1262327,29.6,27.4,32.5,50.9,36.5,64.0,77,26,3.355,18.343,153,0.000,0,17.25,0.130,0.167,25.0,30.1
"2024-03-23 23:59:59",1262327,29.0,24.7,38.8,51.4,37.4,60.0,90,29,6.487,26.843,172,0.030,9,16.24,0.136,0.184,24.7,29.9
"2024-03-24 23:59:59",1262327,29.3,24.1,33.2,37.3,31.4,45.3,92,42,4.026,20.804,116,0.049,14,14.06,0.072,0.087,24.6,29.7
"2024-03-25 23:59:59",1262327,24.8,16.8,30.1,39.6,30.9,49.8,91,26,3.803,17.896,147,0.000,0,19.34,0.102,0.124,24.8,29.9
"2024-03-26 23:59:59",1262327,23.1,13.7,28.5,40.4,30.7,51.7,84,22,3.355,19.685,147,0.002,2,20.04,0.112,0.138,24.9,30.0
"2024-03-27 23:59:59",1262327,22.5,19.0,27.0,43.5,27.7,55.4,87,24,3.355,15.211,149,0.000,0,20.58,0.122,0.152,25.1,30.2
"2024-03-28 23:59:59",1262327,25.9,19.9,30.4,52.7,44.9,60.7,48,27,4.921,21.698,175,0.000,1,20.76,0.155,0.201,24.9,30.0
"2024-03-29 23:59:59",1262327,25.9,3.4,37.7,49.8,38.0,58.6,85,13,5.369,24.383,169,0.026,12,19.98,0.141,0.181,24.8,29.9
"2024-03-30 23:59:59",1262327,27.5,3.2,40.0,44.9,33.9,51.0,97,14,4.698,21.698,173,0.843,52,4.09,0.054,0.077,24.7,29.8
"2024-03-31 23:59:59",1262327,32.5,30.0,36.8,36.2,31.5,42.6,98,69,3.355,15.882,170,0.362,51,12.68,0.051,0.057,24.7,29.9
"2024-04-01 23:59:59",1262327,31.5,29.0,35.4,39.6,31.1,47.7,98,48,4.474,22.593,122,0.055,11,16.03,0.080,0.097,24.9,30.0
"2024-04-02 23:59:59",1262327,29.2,23.8,33.8,46.1,36.1,59.8,82,26,4.698,19.461,117,0.000,0,24.56,0.149,0.185,25.2,30.3
"2024-04-03 23:59:59",1262327,31.1,27.2,37.2,51.7,33.7,66.4,82,28,3.579,15.659,154,0.000,0,24.66,0.170,0.209,25.1,30.2
"2024-04-04 23:59:59",1262327,26.7,22.6,31.6,56.5,46.6,66.4,49,19,7.158,30.870,181,0.000,0,23.43,0.202,0.271,24.8,29.9
"2024-04-05 23:59:59",1262327,19.8,9.0,29.9,42.7,33.2,52.6,76,21,6.711,25.277,182,0.000,6,18.03,0.120,0.162,24.7,29.8
"2024-04-06 23:59:59",1262327,19.2,11.6,27.2,38.0,27.4,50.4,92,22,2.908,20.580,171,0.006,2,21.16,0.113,0.137,25.0,30.1
"2024-04-07 23:59:59",1262327,17.5,13.4,21.3,41.1,26.1,54.1,72,20,2.908,15.211,144,0.000,0,22.87,0.134,0.161,25.0,30.1
"2024-04-08 23:59:59",1262327,18.1,15.5,21.5,42.7,33.2,52.9,53,24,8.053,27.962,132,0.000,0,23.46,0.155,0.207,25.0,30.1
"2024-04-09 23:59:59",1262327,19.3,13.3,24.0,46.8,33.7,59.8,56,15,6.487,24.383,132,0.000,0,25.69,0.181,0.237,25.1,30.2
"2024-04-10 23:59:59",1262327,24.1,19.8,28.1,51.4,33.6,67.9,71,18,4.474,19.461,134,0.000,0,25.55,0.189,0.243,25.1,30.2
"2024-04-11 23:59:59",1262327,23.4,17.2,27.4,55.8,37.1,73.6,60,15,2.684,13.869,156,0.000,0,25.68,0.191,0.236,25.0,30.2
"2024-04-12 23:59:59",1262327,24.0,17.3,31.2,59.7,41.4,75.2,62,14,4.250,23.040,154,0.000,0,24.32,0.210,0.275,24.9,30.1
"2024-04-13 23:59:59",1262327,21.1,16.2,25.2,60.2,51.5,71.0,37,12,5.145,23.935,181,0.000,0,26.22,0.223,0.293,25.0,30.1
"2024-04-14 23:59:59",1262327,24.1,16.9,30.4,54.0,44.9,61.8,52,22,6.040,22.817,175,0.000,2,24.62,0.187,0.243,24.9,30.0
"2024-04-15 23:59:59",1262327,30.8,24.9,35.0,45.0,38.7,56.6,79,36,2.908,17.448,142,0.010,13,13.48,0.080,0.097,24.9,30.1
"2024-04-16 23:59:59",1262327,31.0,28.3,34.0,51.9,34.9,68.2,83,24,3.579,17.224,143,0.000,0,26.26,0.177,0.216,25.1,30.2
"2024-04-17 23:59:59",1262327,29.3,27.1,32.8,56.9,40.9,73.0,67,18,3.132,17.001,158,0.000,0,25.52,0.191,0.236,25.0,30.1
"2024-04-18 23:59:59",1262327,27.2,19.2,32.8,55.8,41.3,70.5,49,18,6.040,24.606,136,0.000,0,22.88,0.176,0.230,25.0,30.1
"2024-04-19 23:59:59",1262327,30.8,28.8,33.1,56.6,40.2,71.2,68,21,3.355,17.224,129,0.000,0,20.87,0.161,0.202,25.0,30.1
"2024-04-20 23:59:59",1262327,31.4,26.9,34.7,59.6,44.2,74.7,66,18,3.132,14.987,148,0.000,0,23.17,0.178,0.218,25.0,30.2
"2024-04-21 23:59:59",1262327,30.1,24.9,36.2,61.9,42.7,79.1,68,14,2.461,16.553,148,0.000,0,26.93,0.210,0.254,25.1,30.2
"2024-04-22 23:59:59",1262327,27.8,21.8,36.9,63.3,45.9,80.1,56,13,3.132,19.014,146,0.000,0,27.53,0.227,0.285,25.0,30.1
"2024-04-23 23:59:59",1262327,27.7,24.0,35.2,63.3,47.3,77.6,54,15,3.579,20.804,158,0.000,0,27.31,0.226,0.287,25.0,30.1
"2024-04-24 23:59:59",1262327,27.3,20.8,34.0,61.6,44.0,74.3,59,16,4.026,20.804,164,0.006,2,27.58,0.227,0.289,24.9,30.1
"2024-04-25 23:59:59",1262327,27.9,20.5,34.1,55.9,41.7,66.1,55,22,2.684,19.909,164,0.008,4,19.86,0.148,0.183,24.9,30.0
"2024-04-26 23:59:59",1262327,37.0,33.2,43.4,47.4,39.7,53.2,94,42,3.803,18.343,146,0.167,57,9.01,0.069,0.088,24.8,29.9
"2024-04-27 23:59:59",1262327,37.8,35.0,41.2,44.5,39.3,51.9,93,59,4.921,20.804,108,0.110,44,12.67,0.068,0.083,24.9,30.0
"2024-04-28 23:59:59",1262327,33.4,29.2,38.4,50.1,35.4,64.6,93,27,3.132,16.777,129,0.000,0,27.46,0.177,0.214,25.0,30.1
"2024-04-29 23:59:59",1262327,30.1,24.7,37.0,56.6,39.3,71.4,79,18,3.132,19.685,147,0.000,0,27.95,0.208,0.258,24.9,30.1
"2024-05-01 23:59:59",1262327,26.1,18.0,34.2,58.1,48.6,66.8,57,16,5.816,24.159,121,0.000,0,26.82,0.213,0.278,24.9,30.0
"2024-05-02 23:59:59",1262327,19.0,13.0,25.4,56.2,38.4,70.9,48,14,4.698,21.251,158,0.000,0,28.02,0.217,0.275,24.9,30.1
"2024-05-03 23:59:59",1262327,26.4,16.2,32.6,56.4,42.1,70.6,47,23,5.369,21.922,131,0.000,0,28.19,0.220,0.280,24.9,30.0
"2024-05-04 23:59:59",1262327,29.5,26.3,34.1,60.1,39.2,75.4,68,18,6.487,35.120,163,0.000,0,24.51,0.232,0.304,24.8,29.9
"2024-05-05 23:59:59",1262327,27.6,20.0,37.3,47.3,36.3,60.6,83,26,6.487,26.620,147,0.037,18,7.79,0.087,0.122,24.7,29.8
"2024-05-06 23:59:59",1262327,23.7,21.2,26.8,47.9,32.6,61.6,70,25,3.803,17.001,131,0.000,0,28.17,0.181,0.222,24.9,30.1
"2024-05-07 23:59:59",1262327,20.9,13.5,27.6,52.9,38.9,68.1,58,12,4.921,23.712,169,0.000,0,28.99,0.224,0.280,24.9,30.0
"2024-05-08 23:59:59",1262327,19.1,17.0,22.4,45.7,32.8,57.5,56,22,8.277,26.843,144,0.000,0,28.56,0.194,0.252,24.9,30.1
"2024-05-09 23:59:59",1262327,27.4,22.5,35.9,49.6,39.2,63.4,75,23,6.711,25.725,132,0.000,0,26.00,0.190,0.241,25.0,30.1
"2024-05-10 23:59:59",1262327,35.6,29.9,44.7,49.5,37.5,65.7,94,25,4.698,23.264,132,0.152,9,22.69,0.162,0.202,25.1,30.2
"2024-05-11 23:59:59",1262327,37.3,31.3,42.8,53.0,39.8,65.8,93,26,4.026,17.896,128,0.083,5,23.72,0.165,0.204,25.0,30.1
"2024-05-12 23:59:59",1262327,32.3,24.7,38.9,61.3,43.2,76.9,76,15,4.698,19.238,143,0.000,0,29.16,0.236,0.298,25.0,30.1
"2024-05-13 23:59:59",1262327,30.1,25.6,36.5,65.2,44.7,82.0,59,14,2.684,16.777,147,0.000,0,29.04,0.235,0.287,25.0,30.1
"2024-05-14 23:59:59",1262327,32.6,25.6,37.2,65.0,48.9,79.3,56,17,2.908,21.698,148,0.006,2,20.97,0.183,0.230,25.0,30.1
"2024-05-15 23:59:59",1262327,31.0,18.2,38.4,63.4,50.6,77.0,59,14,5.369,23.935,135,0.000,0,29.17,0.259,0.340,24.9,30.1
"2024-05-16 23:59:59",1262327,28.8,22.5,35.3,62.4,44.3,79.2,61,12,3.355,18.119,130,0.000,0,29.61,0.238,0.298,25.0,30.1
"2024-05-17 23:59:59",1262327,30.1,26.0,34.3,69.4,48.9,84.7,52,14,3.132,17.672,169,0.000,0,29.96,0.256,0.318,24.9,30.1
"2024-05-18 23:59:59",1262327,30.5,23.0,40.0,70.7,57.5,82.1,48,15,3.355,17.448,161,0.000,0,25.41,0.228,0.292,25.0,30.1
"2024-05-19 23:59:59",1262327,28.6,24.4,32.7,67.2,48.8,80.9,50,14,4.250,22.593,162,0.000,0,29.34,0.265,0.343,24.9,30.1
"2024-05-20 23:59:59",1262327,31.3,17.1,44.4,61.6,46.6,74.8,73,15,4.921,22.593,152,0.031,4,24.93,0.219,0.281,24.9,30.0
"2024-05-21 23:59:59",1262327,25.6,14.5,38.1,55.1,45.6,66.7,67,15,6.711,23.040,136,0.000,0,28.21,0.222,0.291,25.0,30.1
"2024-05-22 23:59:59",1262327,18.6,15.0,24.8,59.2,37.0,75.7,53,10,3.803,20.804,151,0.000,0,30.10,0.244,0.314,24.9,30.0
"2024-05-23 23:59:59",1262327,24.6,18.5,29.6,61.8,50.1,72.8,45,17,6.040,24.159,117,0.000,0,29.47,0.249,0.325,24.9,30.0
"2024-05-24 23:59:59",1262327,26.0,15.9,35.3,64.3,44.6,78.8,38,17,6.040,22.593,177,0.000,1,29.08,0.273,0.357,24.9,30.0
"2024-05-25 23:59:59",1262327,33.1,28.3,45.9,65.2,55.1,74.7,75,21,4.698,17.448,171,0.012,3,28.00,0.239,0.307,24.9,30.0
"2024-05-26 23:59:59",1262327,32.4,25.5,38.0,63.1,43.8,79.5,71,16,2.684,15.659,154,0.000,0,30.04,0.236,0.287,25.0,30.1
"2024-05-27 23:59:59",1262327,26.7,19.9,33.6,68.0,47.9,84.3,47,9,2.684,18.119,152,0.000,0,30.39,0.250,0.306,25.1,30.2
"2024-05-28 23:59:59",1262327,25.1,18.1,33.4,69.7,51.8,86.6,44,9,3.132,18.790,156,0.000,0,30.46,0.265,0.334,25.1,30.2
"2024-05-29 23:59:59",1262327,21.7,17.4,26.8,69.5,50.7,85.3,34,9,3.355,18.343,148,0.000,0,30.58,0.269,0.343,25.0,30.1
"2024-05-30 23:59:59",1262327,34.6,25.0,39.2,70.0,56.1,82.8,51,15,5.369,20.804,119,0.000,0,29.80,0.267,0.346,25.1,30.2
"2024-05-31 23:59:59",1262327,27.6,20.8,34.1,72.1,58.8,87.5,36,10,4.474,18.343,153,0.000,0,29.45,0.274,0.355,25.0,30.1
"2024-06-01 23:59:59",1262327,26.4,22.9,31.6,71.9,53.7,87.5,38,10,3.579,21.027,159,0.000,0,30.62,0.280,0.360,24.9,30.1
"2024-06-02 23:59:59",1262327,29.2,24.5,33.5,72.5,56.3,86.7,42,10,3.132,17.672,160,0.000,0,29.69,0.261,0.330,24.9,30.0
"2024-06-03 04:59:59",1262327,28.1,27.4,29.2,56.3,53.8,60.2,42,28,1.118,6.263,123,0.000,0,0.00,-0.002,-0.003,24.9,30.1
"2024-06-03 23:59:59",1262327,32.9,27.3,36.9,71.7,53.8,85.6,42,16,2.908,14.764,165,0.000,0,23.34,0.217,0.276,24.9,30.0
"2024-06-04 23:59:59",1262327,39.6,34.6,43.4,73.6,59.3,85.3,52,19,6.040,23.488,140,0.000,0,30.14,0.303,0.401,25.0,30.1
"2024-06-05 23:59:59",1262327,34.9,29.0,41.3,78.4,57.5,94.3,48,11,4.026,18.119,143,0.000,0,30.53,0.293,0.372,25.1,30.2
"2024-06-06 23:59:59",1262327,35.2,32.0,40.8,82.4,65.6,98.4,33,10,3.132,16.553,162,0.000,0,30.03,0.282,0.352,25.0,30.2
"2024-06-07 23:59:59",1262327,34.8,24.0,44.6,80.4,63.4,95.1,42,9,3.355,20.356,152,0.000,0,28.57,0.278,0.353,25.0,30.1
"2024-06-08 23:59:59",1262327,38.5,32.2,43.9,78.4,58.6,93.9,57,11,3.132,17.001,150,0.000,0,30.00,0.276,0.344,25.0,30.1
"2024-06-09 23:59:59",1262327,36.0,32.3,42.3,75.3,60.2,89.3,43,14,3.132,17.448,157,0.000,0,27.32,0.252,0.321,25.0,30.1
"2024-06-10 23:59:59",1262327,29.2,20.8,36.8,74.5,56.7,89.9,43,9,2.684,15.882,150,0.000,0,30.50,0.266,0.329,25.0,30.2
"2024-06-11 23:59:59",1262327,26.0,20.2,31.0,77.4,55.0,94.7,33,9,2.684,16.330,156,0.000,0,30.67,0.275,0.343,25.1,30.2
"2024-06-12 23:59:59",1262327,26.7,20.1,32.1,79.6,60.8,96.5,29,7,2.908,18.119,147,0.000,0,31.00,0.289,0.365,25.1,30.2
"2024-06-13 23:59:59",1262327,28.3,20.1,36.3,76.2,58.7,90.1,28,10,3.803,20.356,159,0.000,0,26.37,0.267,0.350,25.1,30.2
"2024-06-14 23:59:59",1262327,34.8,29.8,39.9,78.3,60.2,92.3,45,12,3.132,16.553,159,0.000,0,29.92,0.278,0.350,25.0,30.2
"2024-06-15 23:59:59",1262327,26.9,19.6,33.4,77.8,60.6,94.4,35,7,3.355,19.685,153,0.000,0,30.54,0.292,0.374,24.9,30.1
"2024-06-16 23:59:59",1262327,24.5,19.9,33.6,76.7,58.7,90.6,31,9,4.250,19.685,154,0.000,0,30.33,0.295,0.384,24.8,30.0
"2024-06-17 23:59:59",1262327,26.6,18.7,32.4,74.5,54.8,88.1,27,11,6.263,27.962,166,0.000,0,29.92,0.312,0.408,24.8,29.9
"2024-06-18 23:59:59",1262327,18.1,11.9,23.6,62.5,47.7,78.7,35,9,6.487,29.975,135,0.000,0,28.87,0.255,0.333,24.9,30.1
"2024-06-19 23:59:59",1262327,18.6,10.0,23.2,69.7,50.4,85.9,28,9,4.250,19.461,153,0.000,0,30.50,0.276,0.355,25.0,30.1
"2024-06-20 23:59:59",1262327,24.8,18.9,29.0,74.4,53.2,93.1,33,9,2.908,19.461,153,0.000,0,30.73,0.277,0.349,25.0,30.1
"2024-06-21 23:59:59",1262327,34.9,25.9,49.7,78.1,58.1,94.4,46,11,3.355,19.014,152,0.000,0,30.10,0.280,0.354,25.0,30.1
"2024-06-22 23:59:59",1262327,35.9,27.1,46.5,80.2,62.3,96.3,35,12,3.355,18.567,152,0.000,0,30.35,0.290,0.368,25.1,30.2
"2024-06-23 23:59:59",1262327,47.1,40.4,50.3,83.2,65.0,96.5,52,16,3.579,19.909,165,0.000,0,28.65,0.281,0.354,25.1,30.2
"2024-06-24 23:59:59",1262327,46.6,40.6,53.1,83.9,69.9,97.2,50,15,2.908,24.159,168,0.000,0,28.87,0.269,0.332,25.1,30.2
"2024-06-25 23:59:59",1262327,51.3,44.6,64.1,82.2,65.9,98.8,95,17,3.132,19.014,156,0.183,3,25.51,0.248,0.310,25.1,30.2
"2024-06-26 23:59:59",1262327,54.2,49.1,63.8,81.5,65.4,95.5,95,21,3.803,19.014,161,0.000,0,29.70,0.282,0.349,25.1,30.2
"2024-06-27 23:59:59",1262327,49.3,38.1,58.8,84.2,69.2,96.2,67,14,4.921,24.383,171,0.000,0,27.72,0.293,0.382,25.0,30.1
"2024-06-28 23:59:59",1262327,37.2,31.6,45.0,81.8,64.2,93.8,44,12,3.803,22.817,157,0.000,0,30.51,0.300,0.386,24.9,30.1
"2024-06-29 23:59:59",1262327,35.8,30.1,41.2,79.0,61.1,94.9,41,12,4.026,22.817,156,0.000,0,30.55,0.303,0.394,25.1,30.2
"2024-06-30 23:59:59",1262327,34.6,24.5,45.8,80.9,61.1,95.5,38,11,4.474,23.712,159,0.000,0,30.24,0.314,0.413,25.1,30.2
"2024-07-01 23:59:59",1262327,33.6,25.0,43.5,78.6,60.2,92.8,35,12,3.803,22.146,155,0.000,0,30.48,0.295,0.381,25.0,30.2
"2024-07-02 23:59:59",1262327,36.1,30.9,39.7,78.8,64.7,91.9,36,13,5.145,19.685,135,0.000,0,30.21,0.302,0.391,25.1,30.2
"2024-07-03 23:59:59",1262327,28.7,18.4,35.8,79.9,59.2,98.0,39,7,2.908,19.238,168,0.000,0,30.54,0.285,0.358,25.1,30.2
"2024-07-04 23:59:59",1262327,23.1,17.8,28.7,80.2,62.9,94.2,26,6,5.816,22.146,134,0.000,0,31.08,0.345,0.464,25.2,30.3
"2024-07-05 23:59:59",1262327,21.3,17.9,26.3,80.7,61.4,95.2,21,7,5.369,23.935,140,0.000,0,31.11,0.342,0.460,25.2,30.3
"2024-07-06 23:59:59",1262327,23.0,20.0,28.4,81.2,61.7,97.1,25,6,4.026,19.909,126,0.000,0,30.96,0.311,0.406,25.1,30.2
"2024-07-07 23:59:59",1262327,22.0,16.5,26.0,82.7,59.7,101.3,22,5,3.803,29.975,136,0.000,0,30.83,0.316,0.412,25.1,30.2
"2024-07-08 23:59:59",1262327,22.2,18.2,25.7,84.3,71.2,96.6,19,6,6.040,23.264,120,0.000,0,30.89,0.360,0.489,25.1,30.2
"2024-07-09 23:59:59",1262327,23.9,15.8,30.1,84.2,65.0,101.9,21,6,2.684,19.238,153,0.000,0,29.14,0.273,0.342,25.1,30.2
"2024-07-10 23:59:59",1262327,27.4,23.3,32.4,84.8,66.5,102.1,27,7,2.237,24.830,154,0.000,0,24.65,0.238,0.300,25.1,30.2
"2024-07-11 23:59:59",1262327,27.8,22.7,32.5,87.8,67.6,104.8,24,7,2.461,14.764,154,0.000,0,26.30,0.253,0.319,25.1,30.2
"2024-07-12 23:59:59",1262327,34.6,25.4,58.7,85.2,68.3,104.0,67,8,2.684,20.132,150,0.053,3,25.56,0.263,0.332,25.1,30.2
"2024-07-13 23:59:59",1262327,43.8,39.5,49.5,84.3,70.4,98.5,45,12,4.026,19.014,157,0.000,0,26.14,0.281,0.365,25.2,30.3
"2024-07-14 23:59:59",1262327,45.7,40.0,49.7,81.9,67.3,98.3,49,14,3.132,23.488,151,0.002,1,24.30,0.254,0.324,25.2,30.3
"2024-07-15 23:59:59",1262327,46.7,41.9,61.0,78.5,65.0,94.0,59,16,2.461,17.001,144,0.049,9,21.92,0.211,0.265,25.1,30.3
"2024-07-16 23:59:59",1262327,47.0,40.9,58.6,76.9,64.5,89.6,73,20,2.013,22.146,156,0.061,8,16.47,0.158,0.197,25.1,30.2
"2024-07-17 23:59:59",1262327,47.3,43.4,54.1,87.7,77.5,96.4,44,16,3.355,15.882,188,0.012,4,18.30,0.179,0.224,25.1,30.3
"2024-07-18 23:59:59",1262327,47.7,40.5,55.8,81.7,69.3,98.8,56,13,3.355,20.356,158,0.000,8,23.26,0.249,0.316,25.2,30.3
"2024-07-19 23:59:59",1262327,48.4,45.6,58.2,78.1,61.0,95.3,62,20,2.461,17.001,155,0.002,1,22.33,0.215,0.269,25.2,30.3
"2024-07-20 23:59:59",1262327,49.8,44.8,67.2,81.1,67.5,97.6,83,17,3.803,18.567,140,0.031,3,24.42,0.252,0.319,25.2,30.3
"2024-07-21 23:59:59",1262327,48.5,43.1,52.3,81.9,64.6,95.4,60,17,2.237,12.527,157,0.004,1,19.79,0.193,0.239,25.1,30.2
"2024-07-22 23:59:59",1262327,48.7,44.9,52.7,81.2,68.3,93.7,53,20,2.461,14.987,154,0.000,1,20.18,0.197,0.250,25.1,30.2
"2024-07-23 23:59:59",1262327,48.3,46.0,52.9,80.2,64.6,96.1,53,18,2.237,12.527,150,0.000,1,17.21,0.174,0.218,25.1,30.3
"2024-07-24 23:59:59",1262327,50.4,49.2,52.4,82.9,67.1,97.5,57,20,3.355,17.448,152,0.000,0,27.53,0.274,0.345,25.2,30.3
"2024-07-25 23:59:59",1262327,54.8,49.7,61.8,79.8,69.4,97.9,75,21,2.908,24.159,150,0.138,4,22.89,0.215,0.265,25.2,30.3
"2024-07-26 23:59:59",1262327,48.8,38.6,58.4,81.7,63.6,96.8,81,14,4.026,19.461,161,0.006,3,28.00,0.278,0.353,25.1,30.2
"2024-07-27 23:59:59",1262327,30.8,13.0,45.4,82.9,68.7,93.9,43,5,4.698,25.277,172,0.000,0,28.77,0.304,0.408,25.0,30.1
"2024-07-28 23:59:59",1262327,19.2,15.4,29.7,77.9,61.1,92.5,22,6,4.026,21.027,158,0.000,0,29.54,0.291,0.383,25.0,30.1
"2024-07-29 23:59:59",1262327,18.7,13.6,23.8,75.2,56.0,92.6,24,7,3.579,20.580,150,0.000,0,29.17,0.278,0.361,25.1,30.2
"2024-07-30 23:59:59",1262327,22.6,15.6,28.6,76.2,57.9,93.0,24,9,3.355,22.146,145,0.000,0,28.40,0.269,0.347,25.1,30.2
"2024-07-31 23:59:59",1262327,26.8,20.3,32.6,78.6,58.4,95.9,28,8,2.684,18.567,151,0.000,0,28.37,0.259,0.325,25.1,30.2
"2024-08-01 23:59:59",1262327,32.8,24.8,41.5,83.4,63.0,100.4,32,9,2.461,14.316,152,0.000,0,26.16,0.242,0.301,25.2,30.3
"2024-08-02 23:59:59",1262327,48.5,34.4,54.8,80.2,69.4,94.5,45,22,3.132,24.159,148,0.000,2,19.32,0.199,0.256,25.2,30.3
"2024-08-03 23:59:59",1262327,51.6,46.7,54.2,82.3,69.3,96.5,55,19,2.684,17.001,157,0.000,0,24.68,0.236,0.293,25.2,30.3
"2024-08-04 23:59:59",1262327,48.4,43.6,52.4,81.6,65.7,97.5,61,16,3.132,17.001,149,0.000,0,24.76,0.246,0.312,25.1,30.2
"2024-08-05 23:59:59",1262327,45.0,41.2,49.5,85.0,69.1,99.1,45,14,2.908,17.448,159,0.000,0,24.99,0.250,0.320,25.1,30.3
"2024-08-06 23:59:59",1262327,44.8,41.3,50.5,87.7,72.9,101.2,41,14,2.908,17.001,158,0.000,1,26.70,0.261,0.328,25.1,30.3
"2024-08-07 23:59:59",1262327,49.8,44.1,55.0,83.4,70.2,96.8,50,21,3.803,28.633,155,0.000,0,25.12,0.254,0.324,25.1,30.3
"2024-08-08 23:59:59",1262327,52.4,45.5,57.6,78.3,67.7,93.3,62,28,3.579,25.501,152,0.010,7,21.50,0.211,0.264,25.1,30.2
"2024-08-09 23:59:59",1262327,52.5,48.6,60.8,79.3,66.3,93.5,80,23,3.803,26.620,161,0.467,4,26.28,0.250,0.311,25.1,30.2
"2024-08-10 23:59:59",1262327,57.4,52.8,67.0,77.7,63.1,91.3,88,27,2.908,16.330,150,0.065,6,20.37,0.196,0.242,25.1,30.2
"2024-08-11 23:59:59",1262327,56.3,53.3,59.6,76.5,69.6,87.0,65,34,3.355,18.567,171,0.016,4,12.81,0.146,0.191,25.1,30.3
"2024-08-12 23:59:59",1262327,55.7,51.5,58.7,78.7,65.4,88.8,76,29,3.803,19.461,168,0.002,0,24.24,0.231,0.292,25.1,30.2
"2024-08-13 23:59:59",1262327,46.5,32.4,55.9,79.0,68.1,91.2,65,13,4.250,25.277,174,0.000,0,26.16,0.253,0.326,25.0,30.2
"2024-08-14 23:59:59",1262327,36.4,30.7,43.3,75.7,59.6,91.4,45,14,3.355,19.909,150,0.000,0,26.89,0.252,0.322,25.1,30.2
"2024-08-15 23:59:59",1262327,34.9,30.9,41.0,75.6,59.7,90.8,43,12,3.579,20.580,145,0.000,0,26.93,0.253,0.326,25.1,30.2
"2024-08-16 23:59:59",1262327,36.4,30.5,41.3,78.3,58.0,92.9,46,11,3.579,20.356,155,0.000,0,26.96,0.260,0.336,25.1,30.2
"2024-08-17 23:59:59",1262327,55.5,40.2,67.1,72.5,64.1,87.0,94,24,1.790,16.106,148,0.201,16,12.82,0.104,0.124,25.1,30.2
"2024-08-18 23:59:59",1262327,57.5,54.2,63.9,68.8,60.4,82.3,93,41,2.013,20.580,139,0.230,9,13.84,0.118,0.143,25.2,30.3
"2024-08-19 23:59:59",1262327,53.9,50.3,57.7,75.0,59.2,91.1,87,25,2.908,15.435,146,0.000,0,25.61,0.229,0.282,25.2,30.3
"2024-08-20 23:59:59",1262327,47.9,37.6,54.5,79.5,64.6,95.0,67,17,2.908,18.343,149,0.000,0,25.65,0.240,0.302,25.1,30.3
"2024-08-21 23:59:59",1262327,41.2,30.7,52.9,78.8,63.0,93.0,53,11,4.250,25.725,164,0.000,0,26.50,0.268,0.349,25.1,30.2
"2024-08-22 23:59:59",1262327,57.0,52.3,62.7,67.0,59.2,78.5,98,49,3.355,28.185,169,1.274,27,18.56,0.145,0.172,25.1,30.2
"2024-08-23 23:59:59",1262327,49.4,31.8,60.6,72.6,64.0,84.6,81,20,5.592,27.738,179,0.059,2,17.84,0.194,0.258,25.0,30.1
"2024-08-24 23:59:59",1262327,33.2,21.5,43.6,75.1,68.4,83.2,34,10,7.829,31.317,180,0.012,1,25.87,0.298,0.412,25.0,30.1
"2024-08-25 23:59:59",1262327,30.9,24.8,37.6,70.9,57.5,80.5,48,13,5.369,24.383,173,0.000,0,24.92,0.246,0.329,25.1,30.2
"2024-08-26 23:59:59",1262327,31.5,24.6,36.0,69.4,56.8,84.1,48,13,4.474,16.777,129,0.000,0,25.55,0.228,0.290,25.2,30.3
"2024-08-27 23:59:59",1262327,31.2,27.2,35.5,72.6,54.6,89.1,43,11,3.803,16.106,163,0.000,0,25.61,0.239,0.306,25.2,30.3
"2024-08-28 23:59:59",1262327,32.9,28.8,37.6,73.4,58.4,90.1,43,13,3.132,20.132,146,0.000,0,25.09,0.231,0.296,25.1,30.2
"2024-08-29 23:59:59",1262327,35.4,28.5,40.9,74.3,57.3,90.3,52,14,2.684,16.330,154,0.000,0,24.94,0.221,0.275,25.1,30.3
"2024-08-30 23:59:59",1262327,32.5,23.8,39.5,76.8,59.8,92.5,37,11,4.026,14.987,168,0.000,0,25.98,0.253,0.324,25.2,30.3
"2024-08-31 23:59:59",1262327,39.7,34.4,45.2,75.3,63.4,90.0,49,14,2.013,13.422,149,0.000,0,18.75,0.170,0.213,25.2,30.3
"2024-09-01 23:59:59",1262327,40.2,36.9,43.7,75.3,56.8,92.0,57,15,2.461,15.659,153,0.000,0,24.04,0.219,0.274,25.1,30.3
"2024-09-02 23:59:59",1262327,42.7,39.6,45.3,77.2,61.8,91.7,52,17,2.908,16.777,151,0.000,0,24.21,0.221,0.278,25.1,30.3
"2024-09-03 23:59:59",1262327,42.2,37.2,47.6,77.3,63.1,91.9,49,17,2.908,18.790,145,0.000,0,24.14,0.223,0.281,25.1,30.2
"2024-09-04 23:59:59",1262327,40.0,29.9,46.3,77.1,60.8,91.9,48,16,3.579,17.672,141,0.000,0,22.21,0.213,0.270,25.2,30.3
"2024-09-05 23:59:59",1262327,31.0,25.2,36.1,74.6,63.6,87.6,33,10,6.487,21.698,112,0.000,0,23.72,0.269,0.366,25.3,30.4
"2024-09-06 23:59:59",1262327,28.5,16.7,38.1,73.3,54.3,91.6,49,7,2.013,12.751,152,0.000,0,23.75,0.198,0.241,25.2,30.3
"2024-09-07 23:59:59",1262327,32.4,20.0,39.3,75.6,57.7,92.4,40,11,2.013,15.211,149,0.000,0,21.83,0.183,0.224,25.1,30.2
"2024-09-08 23:59:59",1262327,40.9,35.1,55.9,74.0,60.8,91.5,70,14,3.132,20.132,143,0.030,4,21.99,0.204,0.259,25.1,30.2
"2024-09-09 23:59:59",1262327,47.0,41.7,59.9,69.0,58.9,86.7,93,22,2.237,29.080,139,0.114,15,13.64,0.129,0.160,25.1,30.2
"2024-09-10 23:59:59",1262327,41.7,29.2,54.0,71.6,57.0,89.5,74,11,2.461,21.698,149,0.000,0,21.68,0.197,0.250,25.0,30.2
"2024-09-11 23:59:59",1262327,33.1,18.3,43.1,72.7,58.3,85.9,52,13,4.250,24.383,157,0.000,0,20.47,0.210,0.284,24.9,30.0
"2024-09-12 23:59:59",1262327,23.9,15.9,33.5,69.5,54.6,82.5,29,10,3.803,21.027,141,0.000,0,21.40,0.194,0.255,24.8,30.0
"2024-09-13 23:59:59",1262327,26.6,20.4,30.6,66.8,51.4,84.0,44,9,4.250,16.330,143,0.000,0,22.60,0.204,0.267,25.0,30.1
"2024-09-14 23:59:59",1262327,30.3,23.5,39.4,68.5,52.1,85.8,40,15,2.908,20.132,149,0.000,0,22.53,0.196,0.250,25.0,30.1
"2024-09-15 23:59:59",1262327,39.6,31.0,56.1,69.9,55.6,83.8,93,17,4.250,21.475,164,0.041,3,19.71,0.193,0.253,24.9,30.0
"2024-09-16 23:59:59",1262327,33.7,29.2,38.2,70.3,63.4,77.8,36,18,8.053,33.330,180,0.006,2,19.84,0.240,0.338,24.8,29.9
"2024-09-17 23:59:59",1262327,29.3,25.8,33.2,60.3,48.2,69.7,45,19,4.698,21.027,171,0.000,0,22.02,0.177,0.231,24.9,30.0
"2024-09-18 23:59:59",1262327,25.5,19.7,33.1,59.5,44.5,75.8,52,14,2.461,17.896,146,0.000,0,21.90,0.164,0.204,24.9,30.1
"2024-09-19 23:59:59",1262327,30.4,22.2,37.9,62.0,44.4,78.8,51,16,2.461,18.119,147,0.000,0,21.10,0.162,0.202,25.0,30.1
"2024-09-20 23:59:59",1262327,34.5,30.1,44.0,64.3,47.8,80.2,55,16,3.132,16.553,140,0.004,4,19.04,0.161,0.202,24.9,30.1
"2024-09-21 23:59:59",1262327,40.8,37.0,45.5,64.2,54.4,75.2,65,25,4.026,19.461,139,0.000,1,16.97,0.145,0.188,25.0,30.1
"2024-09-22 23:59:59",1262327,32.5,27.0,38.0,65.2,51.4,80.8,59,15,3.355,17.224,120,0.000,0,21.06,0.181,0.233,25.1,30.2
"2024-09-23 23:59:59",1262327,27.9,22.6,31.9,67.7,52.8,83.3,41,12,4.250,20.356,126,0.000,0,21.00,0.202,0.269,25.1,30.2
"2024-09-24 23:59:59",1262327,25.8,23.0,30.3,68.6,53.9,86.5,34,10,3.579,19.461,146,0.000,0,21.00,0.185,0.241,25.1,30.2
"2024-09-25 23:59:59",1262327,28.5,25.8,32.1,71.3,51.8,89.9,40,11,2.461,19.909,145,0.002,0,20.60,0.179,0.227,25.0,30.1
"2024-09-26 23:59:59",1262327,29.3,25.9,32.8,72.6,56.6,89.9,35,12,2.237,17.672,133,0.000,0,20.50,0.173,0.218,25.0,30.2
"2024-09-27 23:59:59",1262327,29.6,25.3,34.4,74.4,59.5,92.5,31,11,3.355,14.764,145,0.000,0,20.12,0.192,0.252,25.1,30.2
"2024-09-28 23:59:59",1262327,32.3,28.1,35.8,75.5,56.5,94.2,37,12,2.461,16.553,143,0.000,0,19.62,0.179,0.230,25.1,30.2
"2024-09-29 23:59:59",1262327,33.5,31.1,38.0,76.1,63.5,92.0,34,13,2.461,17.224,144,0.000,0,18.34,0.163,0.209,25.1,30.2
"2024-09-30 23:59:59",1262327,31.5,27.0,34.8,74.2,57.2,90.1,40,13,3.579,16.553,128,0.000,0,19.33,0.189,0.250,25.1,30.3
"2024-10-01 23:59:59",1262327,25.8,20.9,30.9,71.3,57.0,90.0,28,10,4.698,19.238,131,0.000,0,19.54,0.200,0.272,25.2,30.3
"2024-10-02 23:59:59",1262327,25.2,23.0,29.1,71.2,52.4,90.6,34,9,2.013,14.540,142,0.000,0,19.35,0.159,0.199,25.1,30.2
"2024-10-03 23:59:59",1262327,21.4,17.2,24.6,70.2,53.7,89.4,30,8,3.132,16.777,133,0.000,0,19.31,0.177,0.235,25.0,30.2
"2024-10-04 23:59:59",1262327,23.4,18.8,27.3,72.1,54.3,90.1,29,9,2.684,20.580,135,0.000,0,18.94,0.172,0.225,25.1,30.2
"2024-10-05 23:59:59",1262327,28.9,26.1,31.3,72.5,60.0,87.6,31,11,2.908,25.725,125,0.000,0,18.82,0.171,0.224,25.2,30.3
"2024-10-06 23:59:59",1262327,28.2,26.2,30.8,71.0,56.9,87.5,37,12,2.684,13.869,152,0.000,0,18.49,0.159,0.200,25.2,30.3
"2024-10-07 23:59:59",1262327,27.4,23.8,30.9,69.0,51.4,89.1,40,10,2.237,16.330,137,0.000,0,18.62,0.156,0.199,25.1,30.2
"2024-10-08 23:59:59",1262327,29.2,26.5,32.7,67.2,53.3,84.3,41,12,2.461,30.870,134,0.006,2,10.15,0.109,0.147,25.1,30.2
"2024-10-09 23:59:59",1262327,27.5,24.0,32.3,68.0,52.7,85.6,42,11,2.237,14.987,144,0.000,0,18.00,0.153,0.195,25.1,30.2
"2024-10-10 23:59:59",1262327,25.1,21.6,28.3,66.7,52.8,83.3,36,10,2.237,16.553,134,0.000,0,15.91,0.131,0.170,25.2,30.3
"2024-10-11 23:59:59",1262327,27.1,25.0,29.1,68.5,55.5,83.4,35,13,2.461,17.896,138,0.000,0,15.75,0.138,0.182,25.2,30.3
"2024-10-12 23:59:59",1262327,28.3,26.1,31.3,65.7,52.7,82.2,41,14,2.461,18.567,144,0.000,0,17.57,0.146,0.190,25.2,30.3
"2024-10-13 23:59:59",1262327,27.1,21.9,31.7,64.7,50.4,82.4,44,13,2.908,22.146,136,0.000,0,17.29,0.149,0.197,25.1,30.2
"2024-10-14 23:59:59",1262327,25.8,21.1,35.2,63.6,46.4,80.1,41,14,2.461,17.224,140,0.000,0,17.60,0.141,0.180,25.1,30.3
"2024-10-15 23:59:59",1262327,32.4,28.9,35.9,62.7,44.8,78.8,58,20,1.566,18.567,155,0.000,0,16.70,0.116,0.138,25.1,30.2
"2024-10-16 23:59:59",1262327,32.5,28.4,37.0,64.3,51.1,77.7,53,18,2.908,17.448,161,0.000,0,15.88,0.123,0.164,25.0,30.1
"2024-10-17 23:59:59",1262327,35.7,26.5,46.4,62.5,53.7,68.7,72,21,5.145,31.317,174,0.018,3,10.14,0.112,0.158,24.8,29.9
"2024-10-18 23:59:59",1262327,33.0,31.4,35.8,36.4,33.4,40.2,96,76,8.277,28.185,150,0.902,67,3.68,0.020,0.027,24.9,30.0
"2024-10-19 23:59:59",1262327,36.4,33.5,39.4,45.6,40.9,51.9,81,59,7.382,22.593,146,0.002,5,8.60,0.060,0.080,25.1,30.3
"2024-10-20 23:59:59",1262327,37.7,32.2,42.4,51.0,42.3,60.5,87,47,2.684,13.422,143,0.004,3,13.48,0.081,0.097,25.2,30.3
"2024-10-21 23:59:59",1262327,37.0,34.4,40.0,51.2,39.6,66.6,89,31,2.237,15.435,139,0.000,0,15.99,0.100,0.121,25.2,30.3
"2024-10-22 23:59:59",1262327,33.8,26.7,38.1,54.9,41.4,72.2,80,20,2.237,13.869,137,0.000,0,16.03,0.110,0.137,25.2,30.3
"2024-10-23 23:59:59",1262327,31.5,26.1,36.1,60.0,43.2,76.6,69,16,2.684,14.540,147,0.000,0,15.98,0.127,0.164,25.2,30.3
"2024-10-24 23:59:59",1262327,29.7,26.7,32.9,54.7,45.4,66.1,58,27,5.816,24.830,114,0.000,0,14.83,0.125,0.172,25.1,30.2
"2024-10-25 23:59:59",1262327,26.8,20.1,32.0,53.8,36.1,75.8,74,13,2.237,15.659,141,0.000,0,15.72,0.109,0.135,25.2,30.3
"2024-10-26 23:59:59",1262327,25.3,22.0,31.6,57.6,42.2,76.9,57,13,1.790,13.198,132,0.000,0,14.12,0.100,0.127,25.2,30.3
"2024-10-27 23:59:59",1262327,23.0,17.4,27.4,62.7,47.3,72.5,45,14,3.355,16.777,150,0.004,2,8.76,0.099,0.143,25.1,30.2
"2024-10-28 23:59:59",1262327,27.2,16.6,39.1,63.4,56.1,70.7,59,15,6.487,25.725,174,0.018,5,15.04,0.168,0.235,24.8,29.9
"2024-10-29 23:59:59",1262327,33.2,28.6,35.7,38.4,34.0,54.2,96,37,4.698,18.790,103,0.366,56,6.95,0.033,0.039,24.8,29.9
"2024-10-30 23:59:59",1262327,28.1,22.2,32.1,37.6,32.0,47.4,94,37,3.355,16.553,111,0.000,0,14.92,0.065,0.078,25.1,30.2
"2024-10-31 23:59:59",1262327,21.6,16.7,26.2,41.9,31.1,54.3,80,24,3.132,18.790,156,0.000,0,12.88,0.078,0.102,25.0,30.1
"2024-11-01 23:59:59",1262327,22.2,18.9,27.2,44.2,31.2,60.0,71,22,1.790,17.224,141,0.000,0,14.00,0.077,0.094,25.0,30.1
"2024-11-02 23:59:59",1262327,27.6,16.6,36.9,45.1,38.5,51.0,88,26,2.461,16.777,162,0.026,13,5.92,0.044,0.059,24.9,30.0
"2024-11-03 23:59:59",1262327,29.4,22.0,37.1,38.5,34.1,43.3,94,49,7.606,29.751,143,0.140,15,8.59,0.050,0.066,24.8,29.9
"2024-11-04 23:59:59",1262327,22.0,18.1,24.1,37.1,30.2,45.3,72,36,7.382,25.277,165,0.000,0,11.31,0.069,0.095,25.0,30.2
"2024-11-05 23:59:59",1262327,22.4,18.0,30.5,35.2,28.2,43.8,89,42,3.132,25.501,133,0.014,3,5.47,0.034,0.042,25.0,30.1
"2024-11-06 23:59:59",1262327,17.4,14.7,20.6,32.8,28.0,40.9,69,35,7.606,28.185,148,0.000,0,14.15,0.074,0.097,25.1,30.2
"2024-11-07 23:59:59",1262327,16.2,14.8,18.4,34.0,25.6,43.8,69,32,7.382,26.620,135,0.000,0,13.67,0.076,0.102,25.2,30.3
"2024-11-08 23:59:59",1262327,16.9,13.2,20.5,37.2,25.6,49.8,67,28,6.935,24.606,141,0.000,0,13.54,0.087,0.120,25.1,30.2
"2024-11-09 23:59:59",1262327,19.6,17.1,23.1,40.4,26.4,57.8,73,22,3.132,16.106,135,0.000,0,13.32,0.075,0.095,25.1,30.2
"2024-11-10 23:59:59",1262327,19.7,17.8,23.5,45.0,31.6,63.6,63,18,2.237,14.093,141,0.000,0,13.21,0.083,0.107,25.1,30.2
"2024-11-11 23:59:59",1262327,19.3,15.8,23.0,50.4,34.7,65.1,56,17,3.803,19.014,151,0.000,0,13.14,0.106,0.143,25.0,30.1
"2024-11-12 23:59:59",1262327,28.5,16.1,35.2,40.2,36.1,50.6,92,25,4.921,21.922,116,0.055,21,8.67,0.044,0.056,25.0,30.1
"2024-11-13 23:59:59",1262327,18.5,13.3,23.5,42.6,26.0,56.6,77,21,4.026,17.224,157,0.000,0,12.41,0.083,0.110,25.1,30.2
"2024-11-14 23:59:59",1262327,12.4,6.8,16.6,51.7,42.7,62.7,34,12,4.026,19.238,177,0.000,0,12.94,0.105,0.146,25.0,30.1
"2024-11-15 23:59:59",1262327,20.5,10.6,31.9,42.9,33.1,49.0,91,21,4.474,22.593,170,0.012,7,7.30,0.063,0.091,24.7,29.8
"2024-11-16 23:59:59",1262327,27.3,21.3,31.6,35.2,30.5,43.0,96,44,4.698,20.804,146,0.030,9,10.39,0.045,0.057,24.9,30.0
"2024-11-17 23:59:59",1262327,19.6,15.7,22.0,34.4,24.0,46.8,81,33,4.250,16.553,121,0.000,0,12.33,0.060,0.078,24.9,30.1
"2024-11-18 23:59:59",1262327,18.7,15.4,24.0,38.0,27.3,49.7,69,25,3.355,16.330,136,0.000,0,12.10,0.067,0.087,24.9,30.0
"2024-11-19 23:59:59",1262327,12.4,0.9,24.6,32.6,25.0,44.5,87,17,3.579,21.251,139,0.000,0,12.09,0.057,0.074,25.1,30.2
"2024-11-20 23:59:59",1262327,6.6,3.9,8.4,42.4,24.3,54.6,51,15,3.132,19.685,165,0.000,0,10.00,0.071,0.100,25.2,30.3
"2024-11-21 23:59:59",1262327,6.4,1.5,10.2,49.4,36.6,61.0,29,10,3.803,20.356,166,0.000,0,12.09,0.098,0.140,25.2,30.3
"2024-11-22 23:59:59",1262327,2.0,-1.3,7.4,50.9,36.2,65.1,28,7,3.355,16.553,155,0.000,0,11.95,0.100,0.139,25.1,30.2
"2024-11-23 23:59:59",1262327,9.4,-2.6,30.3,55.1,48.7,62.8,40,9,6.263,23.040,177,0.000,0,11.05,0.127,0.182,24.9,30.0
"2024-11-24 23:59:59",1262327,26.4,14.0,32.5,43.8,36.7,53.0,80,24,5.145,22.593,138,0.000,1,5.48,0.047,0.064,24.9,30.1
"2024-11-25 23:59:59",1262327,29.5,22.7,37.3,37.4,25.8,44.9,94,48,3.132,15.435,157,0.049,24,4.27,0.031,0.040,25.1,30.2
"2024-11-26 23:59:59",1262327,39.3,35.6,44.3,45.3,38.0,50.2,95,69,4.250,19.461,144,0.398,86,3.69,0.027,0.034,25.0,30.1
"2024-11-27 23:59:59",1262327,28.7,23.3,36.4,36.5,31.5,41.2,95,56,6.040,25.054,114,0.124,14,9.52,0.044,0.058,25.1,30.2
"2024-11-28 23:59:59",1262327,22.2,18.4,24.8,31.9,23.9,40.4,85,46,6.263,20.804,132,0.000,0,11.42,0.049,0.064,25.2,30.3
"2024-11-29 23:59:59",1262327,18.5,13.0,22.3,31.6,18.9,47.3,92,25,1.566,10.737,139,0.000,0,10.72,0.042,0.049,25.1,30.3
"2024-11-30 23:59:59",1262327,16.4,8.8,21.8,34.7,23.1,53.1,75,16,1.566,12.527,131,0.000,0,11.43,0.052,0.063,25.2,30.3
"2024-12-01 23:59:59",1262327,19.0,10.1,23.8,37.3,27.3,47.2,68,27,5.145,19.461,128,0.000,0,8.92,0.060,0.082,25.2,30.3
"2024-12-02 23:59:59",1262327,22.8,19.4,27.9,40.8,30.3,51.8,72,30,6.263,18.567,152,0.000,0,10.30,0.074,0.101,25.2,30.3
"2024-12-03 23:59:59",1262327,23.5,20.0,27.2,38.4,26.7,52.0,80,35,3.579,17.896,118,0.000,0,10.04,0.058,0.075,25.2,30.3
"2024-12-04 23:59:59",1262327,25.6,23.0,28.8,41.1,32.8,50.9,76,37,5.816,21.027,100,0.000,0,10.72,0.069,0.094,25.2,30.3
"2024-12-05 23:59:59",1262327,26.2,22.8,29.6,40.2,31.8,51.3,77,36,5.816,21.698,117,0.000,0,10.09,0.065,0.089,25.2,30.3
"2024-12-06 23:59:59",1262327,26.4,22.7,29.3,40.0,30.1,49.5,80,41,6.263,22.593,104,0.000,0,10.64,0.063,0.086,25.2,30.3
"2024-12-07 23:59:59",1262327,22.1,16.5,26.7,39.0,28.9,52.6,78,26,4.921,19.461,110,0.000,0,10.76,0.066,0.089,25.2,30.3
"2024-12-08 23:59:59",1262327,19.7,16.2,22.3,37.0,27.5,51.9,69,30,1.566,10.961,126,0.000,0,9.68,0.043,0.053,25.0,30.1
"2024-12-09 23:59:59",1262327,17.8,12.0,26.4,33.2,27.6,38.9,76,34,6.935,24.159,129,0.000,0,10.51,0.056,0.077,25.1,30.3
"2024-12-10 23:59:59",1262327,11.6,8.3,14.5,31.3,22.3,42.6,70,26,5.369,20.804,110,0.000,0,10.68,0.058,0.080,25.3,30.4
"2024-12-11 23:59:59",1262327,7.1,3.3,10.1,32.6,20.5,48.9,59,16,2.013,14.987,129,0.000,0,9.45,0.046,0.061,25.2,30.3
"2024-12-12 23:59:59",1262327,7.3,4.9,14.0,40.0,27.6,48.5,45,17,3.355,16.777,158,0.000,0,7.26,0.059,0.084,24.9,30.0
"2024-12-13 23:59:59",1262327,14.8,11.0,16.8,35.6,25.6,47.4,61,28,2.461,14.987,137,0.000,0,10.43,0.055,0.070,25.0,30.1
"2024-12-14 23:59:59",1262327,16.0,13.7,19.5,41.8,28.2,49.2,63,26,4.250,18.343,163,0.000,0,6.18,0.057,0.084,25.1,30.2
"2024-12-15 23:59:59",1262327,16.2,10.5,23.1,38.2,26.8,51.0,73,20,2.908,16.553,116,0.000,0,10.53,0.060,0.079,25.1,30.2
"2024-12-16 23:59:59",1262327,10.2,5.3,15.1,38.6,23.6,52.0,64,14,2.684,17.001,151,0.000,0,8.14,0.053,0.075,25.1,30.2
"2024-12-17 23:59:59",1262327,15.3,9.5,21.5,41.4,31.6,54.8,53,21,3.355,20.580,136,0.000,0,8.53,0.061,0.083,25.2,30.3
"2024-12-18 23:59:59",1262327,19.7,16.3,23.3,42.2,28.6,58.4,63,23,2.684,14.093,131,0.000,0,10.22,0.061,0.078,25.3,30.4
"2024-12-19 23:59:59",1262327,20.2,17.5,23.3,42.1,29.9,59.4,65,23,2.684,16.330,129,0.000,0,10.23,0.063,0.083,25.2,30.4
"2024-12-20 23:59:59",1262327,18.2,15.5,22.3,42.5,29.9,61.8,67,16,1.790,14.316,137,0.000,0,9.71,0.056,0.073,25.2,30.3
"2024-12-21 23:59:59",1262327,16.8,13.9,20.5,43.7,31.9,60.8,55,18,2.237,14.987,135,0.000,0,9.57,0.061,0.084,25.2,30.3
"2024-12-22 23:59:59",1262327,17.4,14.2,28.1,45.4,34.7,58.0,52,19,1.790,14.093,135,0.000,0,8.27,0.048,0.063,25.1,30.2
"2024-12-23 23:59:59",1262327,29.2,26.4,32.7,46.2,37.4,58.5,74,35,2.684,12.974,130,0.000,0,10.05,0.057,0.070,25.1,30.2
"2024-12-24 23:59:59",1262327,26.8,23.7,37.9,44.4,29.4,56.9,84,29,3.355,21.698,145,0.041,8,7.80,0.056,0.077,25.0,30.1
"2024-12-25 23:59:59",1262327,30.3,23.4,35.4,37.8,31.1,43.8,93,57,5.592,24.383,140,0.065,19,4.49,0.027,0.038,24.9,30.1
"2024-12-26 23:59:59",1262327,24.2,22.3,27.4,35.6,27.9,47.0,83,42,2.237,14.764,156,0.000,0,8.35,0.039,0.049,25.0,30.1
"2024-12-27 23:59:59",1262327,24.9,21.5,28.8,39.7,32.6,48.9,80,39,3.355,17.896,157,0.000,0,10.30,0.054,0.071,24.9,30.0
"2024-12-28 23:59:59",1262327,27.6,23.8,30.6,39.1,30.8,52.6,83,41,1.566,14.987,144,0.000,0,8.78,0.038,0.045,25.1,30.2
"2024-12-29 23:59:59",1262327,26.1,21.8,29.6,44.2,31.2,56.0,85,31,3.355,22.593,146,0.000,0,10.43,0.064,0.085,25.0,30.1
"2024-12-30 23:59:59",1262327,23.6,20.1,29.1,39.7,31.7,48.2,76,39,4.698,20.356,119,0.000,0,10.09,0.059,0.079,25.1,30.2
"2024-12-31 21:59:59",1262327,17.4,14.7,20.9,33.1,25.4,41.5,71,37,6.263,21.251,114,0.000,0,10.55,0.055,0.073,25.1,30.2
"2024-12-31 23:59:59",1262327,17.1,14.0,20.9,32.7,25.4,41.5,71,37,6.040,21.251,117,0.000,0,10.55,0.055,0.073,25.1,30.2
"2025-01-01 23:59:59",1262327,14.4,11.5,17.6,31.9,20.4,44.3,73,29,1.566,12.527,153,0.000,0,7.90,0.034,0.043,25.1,30.2
"2025-01-02 23:59:59",1262327,18.2,15.4,23.3,40.5,29.4,57.3,61,22,1.566,9.171,141,0.000,0,10.23,0.053,0.067,25.2,30.3
"2025-01-03 23:59:59",1262327,21.3,15.3,24.4,48.2,36.4,58.1,62,20,3.579,20.804,153,0.000,0,8.16,0.070,0.096,25.0,30.2
"2025-01-04 23:59:59",1262327,14.4,10.4,19.0,43.4,34.8,51.5,52,21,5.369,19.685,151,0.000,0,9.72,0.078,0.107,25.0,30.1
"2025-01-05 23:59:59",1262327,16.4,14.9,18.8,36.6,27.0,47.1,65,29,5.145,20.132,132,0.000,0,10.18,0.062,0.086,25.2,30.3
"2025-01-06 23:59:59",1262327,20.4,15.6,24.0,36.5,26.0,47.9,69,34,4.250,18.343,134,0.000,0,8.89,0.051,0.066,25.1,30.2
"2025-01-07 23:59:59",1262327,24.2,17.4,27.7,33.0,28.7,35.1,79,61,8.500,26.172,138,0.020,4,3.86,0.029,0.040,25.1,30.2
"2025-01-08 23:59:59",1262327,13.5,9.4,17.4,29.9,23.8,39.7,69,31,6.935,22.817,117,0.000,0,10.13,0.054,0.074,25.2,30.3
"2025-01-09 23:59:59",1262327,15.1,9.1,20.1,31.0,27.3,37.5,67,43,8.500,32.212,106,0.002,1,10.03,0.055,0.076,25.2,30.3
"2025-01-10 23:59:59",1262327,12.4,1.9,17.3,31.5,23.2,46.3,73,15,4.026,18.567,91,0.000,0,10.89,0.053,0.071,25.2,30.3
"2025-01-11 23:59:59",1262327,14.4,8.9,25.9,32.1,24.3,40.3,86,32,6.711,29.751,121,0.008,1,11.45,0.060,0.084,25.0,30.1
"2025-01-12 23:59:59",1262327,16.8,13.9,22.6,28.8,24.4,36.0,74,40,6.935,25.501,132,0.002,1,10.15,0.048,0.064,25.0,30.2
"2025-01-13 23:59:59",1262327,14.1,10.9,16.7,26.7,19.3,35.6,82,39,5.816,19.685,137,0.002,1,11.31,0.049,0.065,25.2,30.3
"2025-01-14 23:59:59",1262327,13.0,9.1,15.2,29.1,20.6,39.4,69,35,6.711,24.383,113,0.000,0,11.43,0.059,0.081,25.3,30.4
"2025-01-15 23:59:59",1262327,14.4,9.4,17.9,30.6,19.3,43.1,71,34,6.263,21.251,125,0.000,0,11.69,0.063,0.086,25.3,30.4
"2025-01-16 23:59:59",1262327,8.2,3.3,14.5,31.6,16.9,52.1,76,14,2.013,15.211,136,0.000,0,11.98,0.062,0.082,25.1,30.3
"2025-01-17 23:59:59",1262327,5.9,3.1,10.3,31.5,20.7,46.7,50,20,2.684,17.448,137,0.000,0,11.87,0.061,0.082,25.0,30.1
"2025-01-18 23:59:59",1262327,6.4,-3.1,17.5,28.7,23.3,35.4,59,19,7.829,26.843,104,0.000,0,12.10,0.066,0.092,25.1,30.3
"2025-01-19 23:59:59",1262327,-2.8,-5.5,1.5,25.9,10.2,41.3,51,16,2.908,17.672,128,0.000,0,12.25,0.059,0.076,25.1,30.2
"2025-01-20 23:59:59",1262327,-0.4,-10.0,10.6,22.6,16.9,28.6,58,24,8.724,31.541,150,0.000,0,12.52,0.059,0.083,25.2,30.3
"2025-01-21 23:59:59",1262327,-12.5,-17.6,-9.6,24.0,10.9,40.2,39,10,3.355,18.790,134,0.000,0,12.55,0.059,0.076,25.3,30.5
"2025-01-22 23:59:59",1262327,-5.9,-13.4,2.8,32.5,18.8,44.6,24,10,7.158,36.462,141,0.000,0,12.54,0.095,0.137,25.3,30.4
"2025-01-23 23:59:59",1262327,-1.2,-5.5,4.0,29.1,20.9,40.7,40,17,5.592,20.804,114,0.000,0,12.66,0.070,0.095,25.4,30.5
"2025-01-24 23:59:59",1262327,-7.1,-12.4,-3.0,31.2,19.1,48.4,37,9,2.461,15.435,136,0.000,0,12.63,0.069,0.093,25.1,30.2
"2025-01-25 23:59:59",1262327,-3.9,-12.0,16.8,33.9,26.8,44.5,60,9,3.132,17.001,132,0.000,0,6.28,0.043,0.061,24.8,30.0
"2025-01-26 23:59:59",1262327,17.1,15.0,18.5,28.5,23.0,38.0,77,42,8.277,22.369,135,0.000,0,7.13,0.042,0.057,25.0,30.1
"2025-01-27 23:59:59",1262327,15.8,11.6,19.7,28.1,22.8,35.8,76,42,7.606,21.698,112,0.002,1,7.40,0.040,0.054,25.0,30.1
"2025-01-28 23:59:59",1262327,13.6,9.0,20.2,29.3,23.6,37.5,68,36,4.921,18.343,109,0.004,2,6.85,0.041,0.056,24.9,30.1
"2025-01-29 23:59:59",1262327,10.3,8.1,13.8,32.5,21.9,44.6,60,24,5.369,20.580,121,0.000,0,11.82,0.070,0.096,24.9,30.1
"2025-01-30 23:59:59",1262327,8.8,4.1,13.6,36.5,24.5,51.5,54,15,7.158,27.738,123,0.000,0,13.51,0.098,0.138,25.0,30.2
"2025-01-31 23:59:59",1262327,6.1,-0.8,11.1,37.1,18.9,51.0,45,19,3.132,15.435,155,0.000,0,11.58,0.069,0.093,25.1,30.3
"2025-02-01 23:59:59",1262327,13.0,8.3,23.8,44.6,33.1,55.7,39,19,3.355,17.448,171,0.000,0,12.69,0.085,0.116,25.1,30.2
"2025-02-02 23:59:59",1262327,31.0,18.4,36.7,52.4,44.7,60.7,58,33,5.145,18.790,179,0.000,0,12.97,0.099,0.133,25.0,30.2
"2025-02-03 23:59:59",1262327,30.0,25.3,33.5,57.1,51.7,65.3,52,24,4.026,21.922,169,0.000,0,11.49,0.097,0.132,25.0,30.1
"2025-02-04 23:59:59",1262327,28.6,25.0,32.0,58.1,53.0,65.9,41,25,7.382,28.185,180,0.000,0,12.84,0.140,0.195,24.9,30.0
"2025-02-05 23:59:59",1262327,31.1,27.1,34.8,52.3,46.3,60.0,64,36,4.698,26.172,164,0.000,0,10.25,0.085,0.115,24.9,30.1
"2025-02-06 23:59:59",1262327,29.4,22.3,34.9,52.0,46.1,59.5,61,24,5.369,27.067,174,0.000,0,14.42,0.112,0.153,24.9,30.0
"2025-02-07 23:59:59",1262327,33.6,29.1,36.7,51.1,45.5,58.2,68,41,5.145,25.725,169,0.012,7,9.48,0.077,0.105,24.9,30.1
"2025-02-08 23:59:59",1262327,22.8,4.2,28.9,40.0,31.8,53.1,83,18,5.816,24.159,135,0.010,1,14.72,0.086,0.108,25.0,30.2
"2025-02-09 23:59:59",1262327,15.5,10.8,20.2,34.9,24.1,48.2,77,23,6.263,21.698,129,0.000,0,14.18,0.079,0.102,25.1,30.2
"2025-02-10 23:59:59",1262327,11.0,4.5,15.9,36.0,23.6,52.6,64,14,4.474,18.790,151,0.000,0,15.21,0.086,0.112,24.9,30.1
"2025-02-11 23:59:59",1262327,11.0,4.5,18.7,30.5,22.8,44.3,63,27,4.250,24.383,124,0.000,0,12.46,0.065,0.085,24.7,29.8
"2025-02-12 23:59:59",1262327,4.4,-4.8,11.4,25.8,16.4,39.5,73,21,3.803,15.659,130,0.000,1,15.58,0.067,0.086,24.8,29.9
"2025-02-13 23:59:59",1262327,19.6,-4.4,34.8,30.2,17.5,37.1,98,25,5.145,20.804,168,1.717,63,4.33,0.020,0.025,24.9,30.0
"2025-02-14 23:59:59",1262327,34.7,30.1,37.7,36.4,31.2,38.7,99,81,2.237,17.448,155,0.522,82,3.61,0.017,0.019,24.9,30.0
"2025-02-15 23:59:59",1262327,26.0,18.0,32.3,37.9,31.1,48.1,99,31,4.026,19.685,121,0.006,1,16.30,0.082,0.102,25.1,30.2
"2025-02-16 23:59:59",1262327,25.3,20.2,31.2,38.0,26.9,53.9,85,39,2.013,13.869,144,0.000,0,14.18,0.070,0.084,25.1,30.2
"2025-02-17 23:59:59",1262327,28.1,25.4,31.1,42.2,32.1,53.4,82,38,2.237,13.645,139,0.000,0,14.49,0.073,0.089,24.9,30.0
"2025-02-18 23:59:59",1262327,21.1,17.7,30.8,41.7,34.4,49.8,72,28,5.369,19.238,127,0.000,0,16.56,0.100,0.130,25.0,30.1
"2025-02-19 23:59:59",1262327,20.0,15.7,23.4,39.2,29.6,51.9,71,28,2.461,12.303,161,0.000,0,12.34,0.072,0.092,25.1,30.2
"2025-02-20 23:59:59",1262327,23.9,18.0,30.3,41.4,32.9,49.0,69,38,6.263,26.843,107,0.000,0,16.89,0.102,0.132,25.0,30.1
"2025-02-21 23:59:59",1262327,24.5,22.9,25.6,37.9,31.4,49.0,79,38,6.487,21.027,135,0.000,0,16.21,0.087,0.112,25.2,30.3
"2025-02-22 23:59:59",1262327,21.3,12.6,25.7,40.8,27.9,57.7,79,17,3.579,14.093,147,0.000,0,15.85,0.090,0.110,25.2,30.3
"2025-02-23 23:59:59",1262327,19.6,12.2,24.2,45.4,28.1,61.4,64,20,3.132,17.672,142,0.000,0,16.65,0.110,0.141,25.2,30.3
"2025-02-24 23:59:59",1262327,24.8,21.1,28.5,50.1,34.3,68.1,65,20,2.013,13.869,138,0.000,0,17.35,0.114,0.139,25.1,30.3
"2025-02-25 23:59:59",1262327,19.3,6.0,32.4,54.3,41.2,69.6,63,9,3.132,22.146,149,0.000,0,17.42,0.133,0.168,25.0,30.2
"2025-02-26 23:59:59",1262327,15.5,9.2,21.9,43.2,34.1,54.3,59,17,9.619,30.646,150,0.000,0,18.12,0.141,0.193,25.2,30.3
"2025-02-27 23:59:59",1262327,14.7,12.3,17.4,42.9,27.6,58.8,62,16,4.921,18.567,115,0.000,0,18.28,0.122,0.161,25.2,30.4
"2025-02-28 23:59:59",1262327,12.2,8.9,15.3,45.7,26.3,64.3,54,11,3.579,15.435,119,0.000,0,18.33,0.131,0.171,25.1,30.2
"2025-03-01 23:59:59",1262327,16.5,12.4,19.3,50.3,38.8,63.8,46,17,5.592,18.343,114,0.000,0,17.61,0.148,0.202,24.9,30.0
"2025-03-02 23:59:59",1262327,18.0,5.1,24.6,45.5,33.9,60.3,63,18,5.816,32.212,155,0.002,4,17.45,0.137,0.185,24.8,29.9
"2025-03-03 23:59:59",1262327,29.1,24.3,33.6,34.1,31.2,37.2,98,62,2.908,15.659,163,0.246,50,6.51,0.027,0.032,24.8,29.9
"2025-03-04 23:59:59",1262327,29.7,24.9,34.5,40.7,32.3,52.8,95,34,4.026,16.553,126,0.002,1,18.07,0.092,0.111,25.0,30.1
"2025-03-05 23:59:59",1262327,29.2,25.1,37.7,40.6,29.9,53.3,91,35,3.355,20.132,154,0.278,30,10.55,0.069,0.087,24.9,30.0
"2025-03-06 23:59:59",1262327,30.2,24.0,34.5,34.6,32.1,37.6,98,66,4.921,29.528,166,1.087,57,10.23,0.040,0.047,24.6,29.8
"2025-03-07 23:59:59",1262327,25.8,21.8,29.7,33.6,25.2,39.4,95,60,6.040,22.146,160,0.000,0,10.10,0.052,0.066,24.8,30.0
"2025-03-08 23:59:59",1262327,23.1,19.8,26.0,38.3,30.3,49.4,76,35,6.487,22.146,158,0.000,0,19.90,0.104,0.133,25.2,30.3
"2025-03-09 23:59:59",1262327,21.8,14.5,27.7,42.8,26.1,59.3,86,17,3.132,15.659,153,0.000,0,20.33,0.118,0.144,25.2,30.3
"2025-03-10 23:59:59",1262327,19.3,10.0,24.7,46.4,35.0,61.8,62,13,2.684,16.553,134,0.000,0,20.32,0.130,0.164,25.0,30.1
"2025-03-11 23:59:59",1262327,21.7,17.4,32.2,46.5,33.8,60.3,71,19,3.579,18.567,157,0.002,3,17.55,0.121,0.157,24.8,30.0
"2025-03-12 23:59:59",1262327,35.6,31.7,40.2,43.6,38.4,48.3,95,59,4.921,21.251,174,0.301,46,8.58,0.052,0.066,24.9,30.0
"2025-03-13 23:59:59",1262327,34.1,28.4,39.9,37.5,30.6,43.4,97,73,4.698,28.857,165,1.232,77,2.51,0.016,0.022,24.7,29.8
"2025-03-14 23:59:59",1262327,25.6,18.4,30.9,30.8,22.0,38.2,93,65,2.684,14.764,147,0.071,22,14.33,0.059,0.067,24.7,29.8
"2025-03-15 23:59:59",1262327,25.3,19.1,28.9,36.7,28.4,47.9,97,34,2.013,15.435,179,0.016,14,16.45,0.079,0.094,24.9,30.0
"2025-03-16 23:59:59",1262327,28.0,24.8,32.0,42.6,28.8,54.8,91,35,3.355,17.672,152,0.000,0,18.34,0.103,0.127,25.1,30.2
"2025-03-17 23:59:59",1262327,27.8,22.1,33.6,51.0,45.4,58.8,62,27,7.158,30.199,182,0.002,5,17.12,0.138,0.184,24.9,30.0
"2025-03-18 23:59:59",1262327,27.2,19.3,35.0,35.4,29.9,42.1,95,40,4.921,23.040,102,0.193,27,13.99,0.063,0.076,25.0,30.1
"2025-03-19 23:59:59",1262327,17.0,12.6,23.2,35.3,25.9,47.5,68,26,4.474,17.672,123,0.000,0,22.00,0.104,0.128,25.2,30.4
"2025-03-20 23:59:59",1262327,16.1,12.0,21.7,45.3,33.4,55.3,64,21,3.355,12.974,168,0.000,0,18.45,0.119,0.151,25.1,30.2
"2025-03-21 23:59:59",1262327,22.6,20.4,26.0,45.2,28.4,60.5,78,23,2.461,14.764,145,0.000,0,19.67,0.122,0.151,25.0,30.1
"2025-03-22 23:59:59",1262327,27.1,23.1,31.6,49.0,34.8,62.4,67,26,2.461,15.211,157,0.000,0,17.03,0.114,0.142,25.0,30.1
"2025-03-23 23:59:59",1262327,27.6,25.6,29.8,51.9,35.5,65.4,73,23,4.698,17.672,138,0.000,0,22.36,0.164,0.210,25.1,30.2
"2025-03-24 23:59:59",1262327,28.6,26.3,31.2,55.7,40.1,72.2,63,20,5.369,18.567,130,0.000,0,22.90,0.186,0.242,25.2,30.3
"2025-03-25 23:59:59",1262327,31.5,27.8,34.2,58.7,43.8,76.1,61,17,3.803,16.777,144,0.000,0,23.00,0.174,0.216,25.1,30.3
"2025-03-26 23:59:59",1262327,27.5,18.4,35.7,59.2,41.1,78.3,73,10,2.461,17.224,137,0.000,0,22.61,0.174,0.216,25.0,30.1
"2025-03-27 23:59:59",1262327,24.7,19.5,33.0,60.3,44.5,74.6,55,16,4.698,25.725,151,0.000,0,19.29,0.185,0.247,24.9,30.0
"2025-03-28 23:59:59",1262327,20.4,14.8,25.4,56.1,41.6,62.1,46,17,4.474,19.238,165,0.000,0,15.96,0.141,0.193,24.8,29.9
"2025-03-29 23:59:59",1262327,26.4,20.7,32.1,45.6,34.1,57.9,71,26,3.579,21.698,138,0.004,1,16.75,0.114,0.144,24.8,29.9
"2025-03-30 23:59:59",1262327,23.8,16.4,30.2,48.9,33.3,61.6,80,21,3.579,19.909,161,0.000,0,17.10,0.125,0.163,24.9,30.0
"2025-03-31 23:59:59",1262327,25.4,16.9,30.1,54.3,48.6,61.4,47,23,6.711,25.949,177,0.000,0,21.87,0.178,0.234,24.8,29.9
"2025-04-01 23:59:59",1262327,15.8,4.8,28.8,44.1,35.4,50.5,58,15,4.698,22.593,193,0.000,3,18.50,0.124,0.162,24.7,29.8
"2025-04-02 23:59:59",1262327,22.7,15.1,31.2,36.0,30.4,46.3,97,26,3.132,16.553,162,0.329,36,10.65,0.067,0.084,24.7,29.8
"2025-04-03 23:59:59",1262327,29.0,24.0,33.9,36.1,31.1,43.0,94,51,3.803,18.343,115,0.057,23,18.88,0.079,0.092,24.8,29.9
"2025-04-04 23:59:59",1262327,25.0,19.7,28.9,39.9,32.1,49.8,81,30,7.158,25.949,134,0.000,0,21.02,0.119,0.154,25.0,30.1
"2025-04-05 23:59:59",1262327,22.3,15.6,27.2,43.3,34.4,54.7,74,22,6.487,23.264,123,0.000,0,25.22,0.154,0.199,25.2,30.3
"2025-04-06 23:59:59",1262327,17.2,12.7,20.4,47.2,30.2,63.9,67,14,3.579,17.672,117,0.000,0,25.10,0.172,0.219,25.2,30.3
"2025-04-07 23:59:59",1262327,17.2,10.3,23.4,53.1,33.1,68.8,57,13,3.132,16.553,154,0.000,0,22.92,0.170,0.217,25.1,30.2
"2025-04-08 23:59:59",1262327,22.4,16.2,29.8,56.9,41.3,72.7,54,16,2.684,16.553,148,0.000,0,22.36,0.171,0.216,25.0,30.2
"2025-04-09 23:59:59",1262327,27.1,24.4,32.9,59.5,39.4,78.0,62,14,2.684,16.106,148,0.000,0,25.21,0.197,0.245,25.1,30.3
"2025-04-10 23:59:59",1262327,25.3,14.9,31.5,63.2,46.8,81.8,52,8,2.908,15.659,150,0.000,0,25.48,0.206,0.258,25.2,30.3
"2025-04-11 23:59:59",1262327,23.1,17.0,32.3,63.9,46.3,81.2,53,10,2.684,17.001,144,0.000,0,24.52,0.203,0.257,25.1,30.2
"2025-04-12 23:59:59",1262327,19.3,11.7,26.6,64.4,50.6,75.2,35,10,3.803,24.159,144,0.000,0,20.30,0.190,0.256,24.9,30.1
"2025-04-13 23:59:59",1262327,23.6,10.9,32.2,58.1,47.8,71.3,53,13,6.040,20.804,125,0.000,0,25.52,0.212,0.273,25.0,30.1
"2025-04-14 23:59:59",1262327,16.1,13.0,19.6,56.5,39.8,71.7,42,12,6.263,22.369,128,0.000,0,25.06,0.214,0.284,25.1,30.2
"2025-04-15 23:59:59",1262327,24.2,17.1,29.9,61.5,44.6,75.2,52,14,2.684,16.330,143,0.000,0,25.73,0.198,0.244,25.0,30.1
"2025-04-16 23:59:59",1262327,28.4,16.0,34.4,60.4,45.4,73.6,52,16,2.908,20.356,153,0.002,0,21.62,0.169,0.210,24.9,30.0
"2025-04-17 23:59:59",1262327,30.6,21.3,37.4,50.8,37.5,60.4,95,23,5.369,32.212,145,0.252,7,13.26,0.117,0.158,24.8,29.9
"2025-04-18 23:59:59",1262327,29.0,23.4,33.5,35.8,30.4,41.1,95,52,5.145,23.935,135,0.169,15,13.41,0.057,0.069,24.9,30.0
"2025-04-19 23:59:59",1262327,21.4,11.9,28.2,42.0,30.7,55.1,79,17,5.816,20.356,122,0.000,0,27.14,0.155,0.197,25.0,30.1
"2025-04-20 23:59:59",1262327,19.5,13.9,25.1,49.6,32.3,66.9,67,14,3.132,16.777,149,0.000,0,27.27,0.188,0.234,25.0,30.2
"2025-04-21 23:59:59",1262327,18.5,13.7,26.4,55.3,38.5,72.0,54,10,2.908,16.553,148,0.000,0,27.39,0.204,0.255,25.0,30.1
"2025-04-22 23:59:59",1262327,21.3,17.3,27.9,57.9,40.1,74.4,56,12,2.908,16.777,151,0.000,0,27.25,0.208,0.258,24.9,30.0
"2025-04-23 23:59:59",1262327,23.3,17.3,31.5,60.1,44.6,73.4,54,13,3.579,19.909,160,0.000,0,24.51,0.198,0.255,24.9,30.0
"2025-04-24 23:59:59",1262327,25.6,19.7,31.9,60.2,46.3,72.9,54,15,3.355,19.909,165,0.000,0,26.56,0.207,0.260,24.9,30.0
"2025-04-25 23:59:59",1262327,19.5,5.7,29.9,58.3,42.0,71.2,54,11,6.263,27.738,161,0.000,0,26.55,0.236,0.312,24.8,30.0
"2025-04-26 23:59:59",1262327,17.2,6.3,24.2,57.7,45.4,69.2,34,13,5.816,25.949,176,0.000,0,27.21,0.231,0.305,24.8,29.9
